100_150_fw_gir_rate,100_150_fw_good_shot_rate,100_150_fw_low_data_indicator,100_150_fw_poor_shot_avoid_rate,100_150_fw_proximity_per_shot,100_150_fw_sg_per_shot,100_150_fw_shot_count,150_200_fw_gir_rate,150_200_fw_good_shot_rate,150_200_fw_low_data_indicator,150_200_fw_poor_shot_avoid_rate,150_200_fw_proximity_per_shot,150_200_fw_sg_per_shot,150_200_fw_shot_count,50_100_fw_gir_rate,50_100_fw_good_shot_rate,50_100_fw_low_data_indicator,50_100_fw_poor_shot_avoid_rate,50_100_fw_proximity_per_shot,50_100_fw_sg_per_shot,50_100_fw_shot_count,dg_id,over_150_rgh_gir_rate,over_150_rgh_good_shot_rate,over_150_rgh_low_data_indicator,over_150_rgh_poor_shot_avoid_rate,over_150_rgh_proximity_per_shot,over_150_rgh_sg_per_shot,over_150_rgh_shot_count,over_200_fw_gir_rate,over_200_fw_good_shot_rate,over_200_fw_low_data_indicator,over_200_fw_poor_shot_avoid_rate,over_200_fw_proximity_per_shot,over_200_fw_sg_per_shot,over_200_fw_shot_count,player_name,under_150_rgh_gir_rate,under_150_rgh_good_shot_rate,under_150_rgh_low_data_indicator,under_150_rgh_poor_shot_avoid_rate,under_150_rgh_proximity_per_shot,under_150_rgh_sg_per_shot,under_150_rgh_shot_count
0.879,0.092,0.0,0.974,18.665,0.078,609.0,0.761,0.074,0.0,0.963,27.171,0.082,900.0,0.924,0.142,0.0,0.974,13.727,0.124,190.0,18417,0.412,0.064,0.0,0.964,52.684,0.078,249.0,0.509,0.079,0.0,0.968,41.939,0.069,467.0,"Scheffler, Scottie",0.64,0.066,0.0,0.964,33.971,0.073,274.0
0.8,0.069,1.0,0.96,25.315,-0.029,101.0,0.753,0.094,0.0,0.956,29.329,0.082,159.0,0.874,0.028,0.0,0.972,16.933,0.025,36.0,24304,0.338,0.031,0.0,0.985,65.875,0.014,65.0,0.467,0.024,0.0,0.951,51.03,-0.038,82.0,"Vilips, Karl",0.517,0.046,0.0,0.938,39.987,-0.004,65.0
0.855,0.074,0.0,0.954,20.424,0.046,679.0,0.737,0.078,0.0,0.971,27.696,0.067,1032.0,0.866,0.098,0.0,0.943,16.657,0.017,194.0,17511,0.326,0.036,0.0,0.954,63.146,-0.017,280.0,0.508,0.06,0.0,0.973,45.077,0.048,521.0,"Straka, Sepp",0.527,0.054,0.0,0.919,40.135,-0.015,221.0
,,,,,,,0.718,0.091,0.0,0.986,28.235,0.064,143.0,0.796,0.065,0.0,0.935,18.867,-0.029,31.0,22736,0.336,0.042,1.0,0.938,67.514,-0.039,48.0,0.394,0.034,1.0,0.948,51.155,-0.065,58.0,"Rosenmueller, Thomas",0.491,0.049,0.0,0.902,45.453,-0.067,41.0
0.792,0.039,1.0,0.931,21.638,-0.023,102.0,0.789,0.062,0.0,0.963,24.811,0.063,160.0,0.855,0.075,0.0,0.925,17.002,-0.015,40.0,18079,0.445,0.105,0.0,0.982,53.644,0.119,57.0,0.503,0.073,0.0,0.945,47.943,0.021,109.0,"Niemann, Joaquin",0.694,0.179,0.0,0.974,30.497,0.126,39.0
0.848,0.082,0.0,0.952,20.644,0.045,706.0,0.762,0.063,0.0,0.972,28.376,0.059,957.0,0.863,0.079,0.0,0.949,17.129,0.014,214.0,17576,0.377,0.061,0.0,0.977,58.823,0.036,263.0,0.507,0.056,0.0,0.972,45.921,0.045,503.0,"Conners, Corey",0.565,0.045,0.0,0.955,40.773,-0.013,269.0
0.815,0.067,0.0,0.944,21.865,0.009,539.0,0.744,0.092,0.0,0.959,28.348,0.059,785.0,0.882,0.097,0.0,0.94,17.653,0.013,134.0,19895,0.386,0.07,0.0,0.972,54.051,0.048,284.0,0.552,0.09,0.0,0.973,40.691,0.096,411.0,"Schauffele, Xander",0.591,0.067,0.0,0.961,37.215,0.034,255.0
0.796,0.092,0.0,0.924,23.514,0.012,131.0,0.706,0.043,0.0,0.961,28.237,0.055,257.0,0.939,0.103,0.0,0.985,16.287,0.066,68.0,18628,0.416,0.076,0.0,0.975,52.956,0.058,79.0,0.45,0.038,0.0,0.992,48.594,0.012,130.0,"Campbell, Brian",0.636,0.065,0.0,0.978,35.821,0.033,46.0
0.853,0.096,0.0,0.959,19.682,0.074,729.0,0.7,0.073,0.0,0.954,28.805,0.05,1048.0,0.888,0.096,0.0,0.968,15.921,0.039,218.0,7399,0.331,0.076,0.0,0.952,66.781,0.021,251.0,0.477,0.048,0.0,0.964,46.431,-0.001,478.0,"Glover, Lucas",0.588,0.064,0.0,0.98,38.73,0.017,203.0
0.824,0.079,0.0,0.948,20.026,0.043,580.0,0.733,0.069,0.0,0.97,27.922,0.048,777.0,0.826,0.132,0.0,0.928,14.478,0.084,167.0,13562,0.342,0.052,0.0,0.976,57.682,0.029,286.0,0.498,0.072,0.0,0.955,42.173,0.04,418.0,"Matsuyama, Hideki",0.54,0.052,0.0,0.937,37.948,-0.004,286.0
0.804,0.069,0.0,0.967,22.462,0.004,276.0,0.7,0.071,0.0,0.96,28.951,0.048,325.0,0.829,0.107,0.0,0.917,17.716,-0.002,84.0,15852,0.34,0.03,0.0,0.96,64.032,0.002,99.0,0.513,0.047,0.0,0.965,46.497,0.024,171.0,"Kraft, Kelly",0.479,0.021,0.0,0.958,42.898,-0.043,96.0
0.809,0.085,0.0,0.932,21.293,0.035,497.0,0.715,0.061,0.0,0.964,27.453,0.046,726.0,0.838,0.103,0.0,0.933,17.515,0.0,165.0,18841,0.372,0.08,0.0,0.969,59.804,0.046,226.0,0.486,0.051,0.0,0.964,40.739,0.051,389.0,"Hovland, Viktor",0.642,0.073,0.0,0.945,36.559,0.037,218.0
0.852,0.051,0.0,0.945,21.595,0.005,217.0,0.69,0.075,0.0,0.953,30.222,0.043,386.0,0.881,0.105,0.0,0.93,16.904,0.014,86.0,7655,0.347,0.038,0.0,0.962,65.708,-0.014,105.0,0.372,0.026,0.0,0.953,51.911,-0.053,191.0,"Molinari, Francesco",0.669,0.079,0.0,0.947,35.271,0.026,76.0
,,,,,,,0.71,0.052,1.0,0.991,29.926,0.043,116.0,,,,,,,,17081,0.431,0.119,1.0,0.976,52.423,0.102,42.0,,,,,,,,"Sharma, Shubhankar",,,,,,,
0.838,0.094,0.0,0.957,19.428,0.058,631.0,0.694,0.065,0.0,0.958,28.266,0.043,862.0,0.884,0.098,0.0,0.957,15.56,0.051,184.0,22085,0.353,0.074,0.0,0.977,60.367,0.038,216.0,0.446,0.052,0.0,0.967,48.286,0.002,482.0,"Morikawa, Collin",0.586,0.064,0.0,0.943,36.559,0.004,157.0
0.783,0.09,0.0,0.934,21.516,0.016,366.0,0.736,0.07,0.0,0.958,29.809,0.043,596.0,0.88,0.097,0.0,0.944,16.227,0.025,144.0,23602,0.335,0.073,0.0,0.931,66.068,-0.008,248.0,0.54,0.054,0.0,0.968,43.313,0.048,277.0,"Hojgaard, Nicolai",0.631,0.076,0.0,0.943,37.954,0.026,211.0
,,,,,,,0.712,0.069,1.0,0.95,30.802,0.042,101.0,,,,,,,,25601,,,,,,,,,,,,,,,"Jordan, Matthew",,,,,,,
0.811,0.066,0.0,0.943,22.449,0.005,473.0,0.7,0.072,0.0,0.96,29.472,0.041,696.0,0.826,0.057,0.0,0.914,19.45,-0.053,105.0,11657,0.341,0.064,0.0,0.985,53.236,0.045,204.0,0.502,0.07,0.0,0.983,46.787,0.034,302.0,"Norlander, Henrik",0.489,0.071,0.0,0.916,41.724,-0.022,155.0
0.824,0.065,0.0,0.954,22.208,0.003,370.0,0.723,0.078,0.0,0.948,29.592,0.041,600.0,0.855,0.071,0.0,0.944,18.698,-0.046,126.0,19428,0.367,0.048,0.0,0.969,54.83,0.049,228.0,0.444,0.058,0.0,0.965,48.082,0.021,312.0,"Zalatoris, Will",0.641,0.056,0.0,0.955,38.363,0.003,177.0
0.824,0.065,0.0,0.948,21.244,0.017,522.0,0.706,0.074,0.0,0.967,29.063,0.04,720.0,0.84,0.077,0.0,0.935,17.72,-0.01,169.0,15466,0.354,0.055,0.0,0.957,59.443,0.034,235.0,0.487,0.044,0.0,0.966,45.167,0.027,411.0,"Cantlay, Patrick",0.599,0.042,0.0,0.966,37.882,-0.003,264.0
0.822,0.069,0.0,0.952,22.451,0.008,189.0,0.684,0.1,0.0,0.961,30.829,0.039,230.0,0.811,0.098,0.0,0.967,17.807,-0.01,61.0,32330,0.414,0.029,0.0,0.971,60.409,0.031,68.0,0.497,0.059,0.0,0.966,43.537,0.051,118.0,"Clanton, Luke",0.554,0.103,0.0,0.908,39.227,0.018,87.0
0.79,0.081,0.0,0.943,21.993,0.005,566.0,0.675,0.078,0.0,0.965,29.251,0.037,829.0,0.829,0.059,0.0,0.968,17.668,0.002,186.0,16715,0.43,0.093,0.0,0.954,55.822,0.057,281.0,0.5,0.05,0.0,0.945,45.993,0.012,382.0,"Ryder, Sam",0.588,0.063,0.0,0.958,35.885,0.019,285.0
0.834,0.077,0.0,0.948,21.971,0.011,598.0,0.72,0.064,0.0,0.951,29.843,0.036,792.0,0.86,0.097,0.0,0.931,17.353,0.02,175.0,11676,0.44,0.097,0.0,0.966,54.266,0.084,298.0,0.511,0.078,0.0,0.965,42.431,0.058,425.0,"Finau, Tony",0.645,0.043,0.0,0.935,35.833,0.028,276.0
0.838,0.072,0.0,0.948,22.454,0.017,387.0,0.717,0.058,0.0,0.967,30.218,0.035,672.0,0.819,0.069,0.0,0.941,19.613,-0.068,102.0,20730,0.43,0.048,0.0,0.976,58.156,0.049,208.0,0.436,0.036,0.0,0.951,51.2,-0.036,306.0,"Perez, Victor",0.585,0.069,0.0,0.94,38.34,0.021,218.0
0.819,0.067,0.0,0.966,22.723,0.001,179.0,0.742,0.046,0.0,0.957,30.255,0.035,280.0,0.867,0.053,0.0,0.96,18.3,-0.03,75.0,12359,0.332,0.025,0.0,0.967,71.593,-0.014,122.0,0.449,0.056,0.0,0.944,49.489,-0.036,144.0,"Stallings, Scott",0.576,0.069,0.0,0.922,40.947,-0.018,102.0
0.848,0.062,0.0,0.947,20.895,0.028,642.0,0.723,0.054,0.0,0.969,29.816,0.034,977.0,0.824,0.128,0.0,0.957,17.173,0.006,164.0,18554,0.383,0.113,0.0,0.975,58.369,0.064,204.0,0.493,0.053,0.0,0.971,47.26,0.026,512.0,"Rai, Aaron",0.601,0.052,0.0,0.942,37.412,-0.007,172.0
0.803,0.065,0.0,0.95,21.093,0.015,645.0,0.708,0.067,0.0,0.957,30.167,0.034,869.0,0.884,0.07,0.0,0.949,17.24,0.006,214.0,24550,0.359,0.045,0.0,0.963,63.005,-0.0,243.0,0.507,0.059,0.0,0.958,45.361,0.021,408.0,"Ghim, Doug",0.647,0.074,0.0,0.975,36.0,0.055,243.0
0.808,0.089,0.0,0.945,22.219,0.004,146.0,0.713,0.047,0.0,0.969,30.111,0.033,255.0,0.959,0.139,0.0,1.0,15.956,0.083,36.0,18770,0.337,0.02,0.0,0.99,59.598,0.008,100.0,0.517,0.064,0.0,1.0,43.425,0.093,110.0,"Rozner, Antoine",0.573,0.045,0.0,0.97,37.939,0.0,66.0
0.803,0.082,0.0,0.94,21.295,0.027,633.0,0.695,0.062,0.0,0.962,29.333,0.032,994.0,0.865,0.101,0.0,0.943,16.543,0.031,159.0,12808,0.347,0.051,0.0,0.952,62.767,0.008,311.0,0.51,0.044,0.0,0.965,46.886,0.015,457.0,"Grillo, Emiliano",0.558,0.069,0.0,0.95,39.633,-0.01,262.0
0.806,0.075,0.0,0.938,21.789,0.009,663.0,0.683,0.083,0.0,0.947,30.354,0.031,865.0,0.858,0.099,0.0,0.929,17.617,0.025,182.0,12965,0.338,0.049,0.0,0.954,67.591,-0.021,347.0,0.493,0.048,0.0,0.957,45.6,0.019,419.0,"Fowler, Rickie",0.599,0.053,0.0,0.951,36.763,0.026,264.0
0.837,0.077,0.0,0.957,20.502,0.028,599.0,0.702,0.062,0.0,0.964,29.067,0.031,872.0,0.91,0.119,0.0,0.974,14.8,0.071,194.0,13872,0.355,0.062,0.0,0.953,65.153,0.005,276.0,0.509,0.057,0.0,0.968,46.492,0.026,436.0,"Bradley, Keegan",0.586,0.061,0.0,0.945,36.926,0.013,293.0
0.783,0.052,1.0,0.987,21.833,-0.019,77.0,0.665,0.088,0.0,0.966,28.137,0.031,147.0,0.872,0.065,0.0,0.968,17.763,0.032,31.0,16243,0.339,0.059,1.0,0.922,61.593,-0.049,51.0,0.516,0.069,0.0,0.948,47.264,0.053,116.0,"Koepka, Brooks",0.531,0.085,0.0,0.915,38.097,-0.043,47.0
0.787,0.075,0.0,0.93,23.371,-0.009,412.0,0.686,0.076,0.0,0.943,30.474,0.031,619.0,0.897,0.079,0.0,0.974,17.363,0.033,114.0,23504,0.375,0.041,0.0,0.971,63.387,0.006,171.0,0.453,0.025,0.0,0.964,47.68,-0.022,277.0,"Hoey, Rico",0.553,0.07,0.0,0.935,41.621,-0.052,201.0
0.814,0.067,0.0,0.944,21.299,0.009,537.0,0.683,0.058,0.0,0.947,29.492,0.03,738.0,0.854,0.103,0.0,0.945,16.364,0.049,146.0,21891,0.32,0.042,0.0,0.972,60.834,0.019,284.0,0.456,0.083,0.0,0.957,43.264,0.032,350.0,"Kitayama, Kurt",0.562,0.071,0.0,0.971,35.159,0.018,280.0
0.793,0.081,0.0,0.962,22.203,0.005,344.0,0.724,0.048,0.0,0.952,29.947,0.029,477.0,0.941,0.123,0.0,0.974,14.734,0.1,114.0,14502,0.349,0.062,0.0,0.963,67.528,-0.008,161.0,0.432,0.054,0.0,0.966,48.887,-0.03,204.0,"Cauley, Bud",0.54,0.098,0.0,0.939,38.364,0.015,163.0
0.787,0.043,0.0,0.929,22.342,-0.011,323.0,0.737,0.044,0.0,0.969,30.759,0.029,390.0,0.857,0.047,0.0,0.965,18.061,-0.044,85.0,22985,0.264,0.048,0.0,0.971,68.688,-0.036,104.0,0.512,0.051,0.0,0.966,43.811,0.039,177.0,"Smotherman, Austin",0.591,0.069,0.0,0.917,39.958,0.038,145.0
0.802,0.071,0.0,0.926,22.164,-0.005,635.0,0.704,0.054,0.0,0.961,29.017,0.029,742.0,0.869,0.104,0.0,0.97,15.349,0.029,231.0,23950,0.359,0.052,0.0,0.96,65.508,0.001,250.0,0.507,0.081,0.0,0.959,43.654,0.044,418.0,"Aberg, Ludvig",0.537,0.063,0.0,0.941,41.209,-0.017,253.0
,,,,,,,0.716,0.072,1.0,0.946,31.197,0.028,111.0,0.843,0.095,1.0,0.952,18.448,-0.004,21.0,17357,,,,,,,,,,,,,,,"Migliozzi, Guido",0.734,0.16,1.0,1.0,31.236,0.153,25.0
0.812,0.079,0.0,0.949,20.259,0.037,823.0,0.675,0.065,0.0,0.948,29.395,0.028,1168.0,0.826,0.089,0.0,0.935,17.0,0.012,246.0,21756,0.329,0.072,0.0,0.968,67.273,0.007,442.0,0.468,0.059,0.0,0.966,46.41,0.022,564.0,"Cole, Eric",0.522,0.07,0.0,0.932,36.091,0.012,474.0
0.812,0.069,0.0,0.939,22.592,0.002,523.0,0.712,0.065,0.0,0.949,29.815,0.027,724.0,0.838,0.064,0.0,0.941,18.225,-0.018,188.0,17881,0.375,0.056,0.0,0.964,61.194,0.019,251.0,0.526,0.046,0.0,0.964,46.377,0.031,389.0,"Yu, Kevin",0.491,0.06,0.0,0.916,42.489,-0.048,299.0
0.809,0.053,0.0,0.932,22.32,0.005,414.0,0.696,0.069,0.0,0.946,29.594,0.026,594.0,0.828,0.056,0.0,0.936,17.601,-0.025,125.0,7961,0.371,0.06,0.0,0.946,61.89,-0.012,166.0,0.564,0.069,0.0,0.981,43.458,0.083,259.0,"Reavie, Chez",0.544,0.099,0.0,0.936,37.246,0.015,171.0
0.788,0.087,0.0,0.915,23.419,-0.007,518.0,0.702,0.073,0.0,0.948,30.903,0.026,820.0,0.844,0.067,0.0,0.947,18.855,-0.015,150.0,12577,0.393,0.062,0.0,0.958,56.052,0.048,307.0,0.493,0.051,0.0,0.941,46.608,0.018,375.0,"Woodland, Gary",0.577,0.067,0.0,0.942,36.871,0.012,312.0
0.819,0.075,0.0,0.944,19.907,0.038,536.0,0.692,0.069,0.0,0.954,29.718,0.026,767.0,0.85,0.112,0.0,0.949,15.755,0.029,196.0,13900,0.376,0.057,0.0,0.967,59.702,0.037,245.0,0.524,0.086,0.0,0.956,46.1,0.043,408.0,"Lowry, Shane",0.63,0.094,0.0,0.963,34.454,0.07,191.0
0.822,0.056,0.0,0.933,22.028,0.002,657.0,0.691,0.064,0.0,0.955,30.472,0.026,1046.0,0.832,0.052,0.0,0.934,19.282,-0.043,211.0,13997,0.389,0.061,0.0,0.97,57.632,0.021,330.0,0.48,0.06,0.0,0.956,45.546,0.013,501.0,"Svensson, Adam",0.563,0.052,0.0,0.931,37.769,0.005,288.0
0.754,0.06,0.0,0.906,23.629,-0.037,551.0,0.705,0.065,0.0,0.94,30.262,0.026,795.0,0.826,0.065,0.0,0.905,18.65,-0.037,168.0,22833,0.365,0.069,0.0,0.944,65.608,0.001,232.0,0.473,0.052,0.0,0.938,46.916,0.003,420.0,"Echavarria, Nico",0.538,0.095,0.0,0.931,35.72,0.024,231.0
0.825,0.096,0.0,0.947,18.839,0.071,736.0,0.669,0.079,0.0,0.939,28.85,0.025,1019.0,0.86,0.112,0.0,0.94,15.49,0.03,215.0,15575,0.379,0.089,0.0,0.959,57.602,0.056,395.0,0.481,0.074,0.0,0.974,43.677,0.05,499.0,"Hoge, Tom",0.594,0.063,0.0,0.954,37.948,0.016,302.0
0.757,0.065,0.0,0.944,23.086,-0.025,231.0,0.74,0.066,0.0,0.955,30.183,0.025,286.0,0.849,0.101,0.0,0.933,17.084,-0.007,89.0,18761,0.324,0.05,0.0,0.99,67.056,0.005,101.0,0.413,0.032,0.0,0.918,49.062,-0.057,158.0,"Mullinax, Trey",0.48,0.052,0.0,0.903,45.88,-0.069,134.0
0.817,0.071,0.0,0.941,21.477,0.02,660.0,0.698,0.061,0.0,0.96,29.776,0.025,903.0,0.807,0.055,0.0,0.922,16.453,-0.001,255.0,26096,0.324,0.04,0.0,0.94,61.665,-0.022,249.0,0.479,0.051,0.0,0.955,44.8,0.019,448.0,"Bhatia, Akshay",0.555,0.048,0.0,0.962,41.167,-0.022,293.0
0.802,0.075,0.0,0.935,20.446,0.037,402.0,0.696,0.062,0.0,0.95,29.766,0.024,660.0,0.846,0.079,0.0,0.929,18.827,-0.01,127.0,6093,0.353,0.028,0.0,0.957,63.527,-0.028,211.0,0.479,0.047,0.0,0.95,50.624,0.007,322.0,"Rose, Justin",0.548,0.07,0.0,0.925,42.219,-0.033,186.0
0.818,0.086,0.0,0.966,21.188,0.035,116.0,0.688,0.061,0.0,0.963,30.632,0.024,245.0,0.928,0.079,0.0,1.0,17.983,0.019,38.0,11460,0.325,0.043,0.0,0.946,59.175,-0.017,93.0,0.401,0.032,0.0,0.952,53.551,-0.045,125.0,"Manassero, Matteo",0.638,0.083,0.0,0.933,33.79,0.045,60.0
0.858,0.079,0.0,0.938,20.686,0.035,584.0,0.691,0.061,0.0,0.945,29.363,0.024,866.0,0.881,0.078,0.0,0.968,15.928,0.014,154.0,12294,0.376,0.061,0.0,0.985,64.772,0.035,262.0,0.497,0.051,0.0,0.967,46.289,0.031,450.0,"Fleetwood, Tommy",0.568,0.021,0.0,0.921,42.55,-0.051,189.0
0.799,0.07,0.0,0.942,22.909,0.003,618.0,0.687,0.061,0.0,0.937,29.887,0.024,934.0,0.832,0.116,0.0,0.899,18.721,0.003,207.0,26653,0.344,0.061,0.0,0.922,68.181,-0.027,245.0,0.478,0.069,0.0,0.97,44.767,0.029,495.0,"Eckroat, Austin",0.571,0.07,0.0,0.934,38.906,0.008,256.0
0.825,0.074,0.0,0.953,22.092,0.016,363.0,0.697,0.064,0.0,0.959,30.227,0.024,629.0,0.842,0.077,0.0,0.958,16.252,0.043,143.0,28159,0.299,0.049,0.0,0.964,63.471,-0.008,223.0,0.466,0.063,0.0,0.972,46.264,0.012,284.0,"Meissner, Mac",0.54,0.092,0.0,0.944,37.298,0.015,196.0
0.798,0.073,0.0,0.942,20.754,0.025,536.0,0.692,0.063,0.0,0.94,30.159,0.023,773.0,0.797,0.082,0.0,0.913,17.821,-0.02,219.0,14509,0.299,0.05,0.0,0.97,65.48,0.012,200.0,0.539,0.039,0.0,0.972,46.632,0.029,358.0,"Dahmen, Joel",0.527,0.057,0.0,0.948,38.735,-0.01,230.0
0.847,0.076,0.0,0.956,20.157,0.035,225.0,0.689,0.076,0.0,0.946,28.3,0.023,331.0,0.843,0.115,0.0,0.92,15.435,0.04,87.0,14796,0.383,0.06,0.0,0.983,58.435,0.057,116.0,0.464,0.057,0.0,0.943,50.172,-0.007,192.0,"Hatton, Tyrrell",0.576,0.068,0.0,0.942,38.095,0.011,103.0
0.822,0.076,0.0,0.941,21.694,0.021,707.0,0.717,0.058,0.0,0.958,30.351,0.023,1038.0,0.855,0.089,0.0,0.946,16.776,0.024,224.0,21554,0.369,0.059,0.0,0.97,60.056,0.036,338.0,0.49,0.037,0.0,0.959,48.263,0.016,486.0,"Poston, J.T.",0.523,0.066,0.0,0.93,40.421,-0.033,316.0
0.779,0.036,0.0,0.945,23.99,-0.011,110.0,0.695,0.068,0.0,0.969,29.824,0.023,191.0,0.869,0.163,0.0,0.98,15.99,0.079,49.0,29279,0.357,0.049,0.0,0.914,58.492,-0.027,81.0,0.532,0.057,0.0,0.955,42.107,0.039,88.0,"Suber, Jackson",0.545,0.084,0.0,0.952,38.866,0.012,83.0
0.832,0.067,0.0,0.962,20.285,0.043,579.0,0.692,0.065,0.0,0.962,30.028,0.022,813.0,0.859,0.083,0.0,0.945,15.283,0.035,217.0,12423,0.302,0.031,0.0,0.938,73.112,-0.046,258.0,0.436,0.051,0.0,0.944,49.934,-0.013,410.0,"Kirk, Chris",0.593,0.093,0.0,0.954,36.526,0.041,259.0
0.817,0.081,0.0,0.938,21.301,0.024,608.0,0.687,0.062,0.0,0.947,30.046,0.022,777.0,0.842,0.082,0.0,0.952,16.722,0.006,207.0,14459,0.375,0.052,0.0,0.933,61.199,-0.0,328.0,0.454,0.065,0.0,0.95,48.39,-0.003,418.0,"An, Byeong Hun",0.559,0.06,0.0,0.942,40.043,-0.009,416.0
0.809,0.062,0.0,0.956,21.897,0.008,594.0,0.694,0.061,0.0,0.949,30.564,0.022,781.0,0.826,0.097,0.0,0.903,19.158,-0.021,145.0,18474,0.397,0.054,0.0,0.938,60.752,0.013,258.0,0.482,0.04,0.0,0.949,46.666,0.004,376.0,"Smalley, Alex",0.544,0.072,0.0,0.913,39.239,0.001,265.0
0.814,0.066,0.0,0.958,21.757,0.015,667.0,0.696,0.062,0.0,0.951,30.704,0.022,897.0,0.864,0.087,0.0,0.943,17.679,0.007,229.0,27364,0.331,0.031,0.0,0.922,65.902,-0.074,293.0,0.49,0.042,0.0,0.967,44.995,0.037,453.0,"Thompson, Davis",0.561,0.058,0.0,0.894,39.741,-0.028,330.0
0.777,0.058,0.0,0.907,23.596,-0.028,345.0,0.684,0.054,0.0,0.956,30.354,0.021,497.0,0.838,0.084,0.0,0.953,15.887,0.034,107.0,10873,0.382,0.048,0.0,0.965,61.462,0.019,227.0,0.53,0.047,0.0,0.974,47.967,0.025,232.0,"Skinns, David",0.586,0.078,0.0,0.935,37.27,0.02,217.0
0.744,0.064,0.0,0.906,25.3,-0.048,598.0,0.721,0.054,0.0,0.962,30.598,0.021,955.0,0.866,0.057,0.0,0.981,15.946,0.016,158.0,14577,0.369,0.039,0.0,0.955,62.549,0.015,309.0,0.479,0.057,0.0,0.96,47.344,0.002,454.0,"English, Harris",0.519,0.038,0.0,0.928,40.165,-0.042,236.0
0.742,0.039,0.0,0.921,24.753,-0.054,152.0,0.716,0.058,0.0,0.955,30.0,0.021,242.0,0.911,0.078,0.0,0.969,18.551,0.0,64.0,15651,0.377,0.012,0.0,0.928,66.355,-0.048,83.0,0.437,0.035,0.0,0.939,52.119,-0.043,114.0,"Ventura, Kris",0.514,0.071,0.0,0.976,38.726,-0.014,85.0
0.801,0.08,0.0,0.943,21.172,0.019,389.0,0.687,0.065,0.0,0.945,30.05,0.021,676.0,0.907,0.109,0.0,0.964,15.69,0.056,110.0,17606,0.394,0.054,0.0,0.97,62.58,0.029,167.0,0.491,0.057,0.0,0.96,45.573,0.005,298.0,"Berger, Daniel",0.555,0.078,0.0,0.93,40.219,-0.003,129.0
0.83,0.086,0.0,0.95,20.555,0.041,641.0,0.677,0.062,0.0,0.95,29.986,0.02,892.0,0.858,0.138,0.0,0.919,17.427,0.018,160.0,13126,0.346,0.057,0.0,0.967,64.014,0.012,300.0,0.464,0.05,0.0,0.95,47.88,0.001,464.0,"Taylor, Nick",0.595,0.062,0.0,0.941,37.426,0.034,256.0
0.825,0.079,0.0,0.952,22.372,0.01,165.0,0.719,0.055,0.0,0.982,30.477,0.02,219.0,0.8,0.108,0.0,0.892,19.651,-0.023,37.0,27183,0.265,0.04,0.0,0.933,63.303,-0.048,75.0,0.413,0.065,0.0,0.943,49.929,-0.034,123.0,"Salinda, Isaiah",0.513,0.043,0.0,0.914,37.86,-0.033,70.0
0.764,0.069,0.0,0.922,24.256,-0.035,116.0,0.725,0.058,1.0,0.95,30.869,0.02,121.0,0.879,0.08,0.0,0.94,17.415,0.01,50.0,5874,0.346,0.024,1.0,0.976,59.727,0.023,42.0,,,,,,,,"Percy, Cameron",0.594,0.089,0.0,0.933,41.014,0.016,45.0
0.786,0.073,0.0,0.927,23.156,-0.005,260.0,0.733,0.047,0.0,0.937,30.1,0.019,301.0,0.877,0.037,0.0,0.988,17.316,-0.02,80.0,13831,0.293,0.023,0.0,0.977,62.196,0.008,88.0,0.54,0.032,0.0,0.952,45.249,0.023,125.0,"Knox, Russell",0.63,0.071,0.0,0.946,37.561,0.065,112.0
0.793,0.037,0.0,0.926,23.833,-0.046,190.0,0.697,0.067,0.0,0.933,29.83,0.019,254.0,0.756,0.034,0.0,0.898,21.217,-0.103,59.0,16757,0.367,0.092,0.0,0.954,58.539,0.04,109.0,0.52,0.056,0.0,0.96,46.465,0.041,124.0,"Dou, Zecheng",0.507,0.061,0.0,0.954,40.989,-0.023,131.0
0.838,0.074,0.0,0.942,22.167,0.012,675.0,0.696,0.058,0.0,0.956,31.607,0.019,981.0,0.878,0.084,0.0,0.95,17.057,0.008,202.0,19870,0.303,0.058,0.0,0.954,68.319,-0.016,328.0,0.444,0.069,0.0,0.959,50.441,0.006,467.0,"McCarthy, Denny",0.56,0.07,0.0,0.946,38.755,0.01,242.0
0.791,0.093,0.0,0.925,22.132,0.014,428.0,0.668,0.057,0.0,0.953,30.543,0.018,592.0,0.848,0.083,0.0,0.934,17.496,-0.016,181.0,5768,0.379,0.07,0.0,0.961,62.914,0.02,230.0,0.47,0.047,0.0,0.949,43.34,0.005,295.0,"Hoffman, Charley",0.556,0.06,0.0,0.94,38.333,0.008,282.0
0.838,0.062,0.0,0.966,23.45,-0.002,177.0,0.662,0.067,0.0,0.947,31.226,0.018,208.0,0.85,0.088,0.0,0.853,23.638,-0.04,34.0,12477,0.213,0.031,0.0,0.938,66.653,-0.125,65.0,0.524,0.036,0.0,0.952,49.992,0.018,83.0,"McGirt, William",0.485,0.018,0.0,0.927,43.074,-0.066,55.0
0.828,0.074,0.0,0.949,21.389,0.018,393.0,0.72,0.044,0.0,0.958,31.508,0.018,665.0,0.882,0.073,0.0,0.961,16.643,0.019,178.0,16395,0.323,0.057,0.0,0.969,67.775,-0.005,159.0,0.48,0.027,0.0,0.973,46.822,0.005,330.0,"Kohles, Ben",0.447,0.032,0.0,0.903,43.632,-0.088,124.0
0.79,0.061,0.0,0.948,22.103,0.004,575.0,0.683,0.056,0.0,0.952,29.945,0.018,754.0,0.854,0.094,0.0,0.961,16.196,0.02,180.0,17543,0.357,0.044,0.0,0.946,60.599,0.007,297.0,0.495,0.045,0.0,0.952,45.345,0.015,377.0,"Kim, Michael",0.598,0.071,0.0,0.946,37.593,0.004,312.0
,,,,,,,0.677,0.062,1.0,0.956,32.028,0.018,113.0,,,,,,,,22322,,,,,,,,,,,,,,,"McKibbin, Tom",0.652,0.069,1.0,0.862,37.441,-0.022,29.0
0.813,0.047,0.0,0.937,24.58,-0.015,365.0,0.71,0.044,0.0,0.953,31.173,0.018,548.0,0.835,0.067,0.0,0.933,20.402,-0.056,149.0,22535,0.293,0.034,0.0,0.955,73.009,-0.033,178.0,0.483,0.041,0.0,0.967,45.613,0.011,245.0,"Norrman, Vincent",0.556,0.042,0.0,0.937,41.884,-0.029,190.0
0.789,0.082,0.0,0.926,21.54,0.005,571.0,0.702,0.071,0.0,0.933,30.45,0.017,787.0,0.822,0.109,0.0,0.919,17.951,0.012,211.0,13965,0.326,0.021,0.0,0.968,64.641,-0.008,281.0,0.469,0.064,0.0,0.947,49.554,-0.009,470.0,"Hadwin, Adam",0.551,0.049,0.0,0.917,41.803,-0.026,266.0
0.848,0.091,0.0,0.946,18.989,0.069,503.0,0.675,0.068,0.0,0.95,30.338,0.017,721.0,0.863,0.083,0.0,0.945,15.791,0.059,181.0,14139,0.421,0.065,0.0,0.964,58.251,0.048,276.0,0.505,0.071,0.0,0.931,47.343,0.019,394.0,"Thomas, Justin",0.573,0.075,0.0,0.946,35.794,0.052,294.0
0.811,0.09,0.0,0.954,20.326,0.045,670.0,0.689,0.065,0.0,0.944,30.349,0.017,877.0,0.872,0.077,0.0,0.944,17.807,-0.004,195.0,17536,0.431,0.063,0.0,0.97,58.12,0.067,271.0,0.546,0.056,0.0,0.966,43.157,0.061,408.0,"Spaun, J.J.",0.599,0.034,0.0,0.956,37.369,0.005,294.0
0.848,0.082,0.0,0.961,20.218,0.046,619.0,0.683,0.061,0.0,0.952,30.505,0.017,985.0,0.911,0.085,0.0,0.96,15.021,0.059,200.0,24766,0.336,0.047,0.0,0.95,67.306,-0.005,300.0,0.481,0.049,0.0,0.965,46.093,0.026,513.0,"Kim, Tom",0.566,0.081,0.0,0.947,36.73,0.032,247.0
,,,,,,,0.695,0.085,1.0,0.943,31.452,0.017,106.0,0.9,0.062,0.0,0.969,13.445,0.082,32.0,18586,,,,,,,,0.519,0.056,1.0,0.972,44.626,0.059,72.0,"Smith, Jordan",0.613,0.115,1.0,0.962,36.027,-0.006,26.0
0.846,0.075,0.0,0.969,19.709,0.054,653.0,0.7,0.056,0.0,0.947,30.593,0.016,898.0,0.909,0.111,0.0,0.969,14.063,0.091,226.0,14578,0.363,0.053,0.0,0.984,56.054,0.048,247.0,0.485,0.053,0.0,0.958,46.931,0.023,476.0,"Henley, Russell",0.622,0.092,0.0,0.974,34.356,0.081,196.0
0.808,0.05,0.0,0.945,22.081,-0.006,418.0,0.724,0.051,0.0,0.952,30.906,0.015,630.0,0.869,0.051,0.0,0.941,18.867,-0.033,118.0,16433,0.276,0.032,0.0,0.952,76.516,-0.056,187.0,0.502,0.035,0.0,0.977,46.898,0.012,260.0,"NeSmith, Matt",0.55,0.044,0.0,0.967,39.67,-0.015,183.0
0.808,0.059,0.0,0.935,22.622,-0.003,475.0,0.692,0.068,0.0,0.949,31.219,0.015,710.0,0.778,0.054,0.0,0.893,19.969,-0.078,149.0,22760,0.385,0.064,0.0,0.98,60.421,0.043,250.0,0.461,0.052,0.0,0.968,47.0,0.005,347.0,"Hisatsune, Ryo",0.649,0.058,0.0,0.932,36.132,0.029,191.0
0.735,0.086,0.0,0.914,22.736,0.011,116.0,0.626,0.08,1.0,0.944,31.036,0.015,125.0,0.855,0.073,0.0,0.951,18.96,-0.016,41.0,12169,,,,,,,,0.483,0.108,1.0,0.938,43.162,0.007,65.0,"Gainey, Tommy",0.452,0.03,0.0,0.91,42.248,-0.068,67.0
0.795,0.077,0.0,0.953,22.115,0.011,509.0,0.677,0.059,0.0,0.942,31.26,0.014,674.0,0.837,0.094,0.0,0.942,17.492,0.009,138.0,15980,0.302,0.061,0.0,0.948,64.896,-0.036,213.0,0.492,0.061,0.0,0.968,46.909,0.03,312.0,"Lipsky, David",0.561,0.093,0.0,0.934,40.889,0.009,226.0
0.753,0.057,1.0,0.932,23.723,-0.002,88.0,0.675,0.061,0.0,0.959,29.962,0.014,147.0,0.89,0.0,1.0,0.952,18.233,-0.032,21.0,17422,0.374,0.029,0.0,0.928,64.37,-0.067,69.0,0.392,0.041,1.0,0.918,53.04,-0.098,73.0,"Del Solar, Cristobal",0.481,0.075,0.0,0.925,39.172,-0.023,67.0
0.807,0.059,0.0,0.926,22.36,-0.012,203.0,0.652,0.06,0.0,0.94,31.276,0.014,267.0,0.872,0.125,0.0,0.969,15.782,0.031,64.0,20353,0.299,0.046,0.0,0.954,70.749,-0.05,65.0,0.484,0.059,0.0,0.963,44.164,0.054,135.0,"Whitney, Tom",0.591,0.067,0.0,0.962,35.304,0.031,104.0
0.812,0.082,0.0,0.959,21.291,0.032,705.0,0.676,0.061,0.0,0.954,29.668,0.013,1068.0,0.874,0.116,0.0,0.942,16.99,0.035,292.0,8825,0.329,0.056,0.0,0.961,70.237,-0.007,306.0,0.49,0.046,0.0,0.952,46.42,0.005,561.0,"Harman, Brian",0.624,0.056,0.0,0.954,36.628,0.031,284.0
0.815,0.062,0.0,0.955,22.762,-0.006,464.0,0.677,0.071,0.0,0.96,31.042,0.013,618.0,0.835,0.053,0.0,0.938,19.625,-0.057,113.0,11451,0.352,0.038,0.0,0.906,69.287,-0.058,159.0,0.454,0.063,0.0,0.958,48.726,0.003,284.0,"Garnett, Brice",0.581,0.026,0.0,0.936,40.846,-0.029,156.0
0.831,0.065,0.0,0.954,21.468,0.024,627.0,0.689,0.056,0.0,0.946,31.152,0.013,929.0,0.844,0.137,0.0,0.935,18.017,0.02,153.0,25157,0.372,0.06,0.0,0.972,54.055,0.028,248.0,0.53,0.068,0.0,0.961,45.807,0.041,410.0,"Hodges, Lee",0.517,0.06,0.0,0.952,40.034,-0.019,251.0
0.789,0.075,0.0,0.937,22.927,-0.012,347.0,0.687,0.062,0.0,0.934,31.68,0.012,499.0,0.899,0.069,0.0,0.974,16.467,0.05,116.0,14698,0.361,0.065,0.0,0.962,60.724,0.026,185.0,0.478,0.037,0.0,0.955,47.747,-0.018,245.0,"Bramlett, Joseph",0.558,0.04,0.0,0.932,42.703,-0.037,249.0
0.737,0.032,0.0,0.923,24.881,-0.045,156.0,0.724,0.053,0.0,0.931,31.456,0.012,189.0,0.886,0.082,0.0,0.959,18.611,-0.009,49.0,14852,0.382,0.051,0.0,0.966,56.318,0.057,59.0,0.472,0.023,0.0,0.955,46.574,-0.033,88.0,"Streb, Robert",0.42,0.045,0.0,0.92,42.912,-0.04,88.0
0.804,0.076,0.0,0.931,22.587,0.016,407.0,0.685,0.047,0.0,0.951,31.637,0.012,637.0,0.876,0.082,0.0,0.939,18.943,0.008,98.0,15004,0.389,0.064,0.0,0.973,59.735,0.042,187.0,0.508,0.047,0.0,0.953,50.138,-0.002,274.0,"Kim, Chan",0.575,0.084,0.0,0.936,38.218,0.019,203.0
0.785,0.056,0.0,0.93,22.398,-0.022,658.0,0.69,0.051,0.0,0.954,30.222,0.012,915.0,0.885,0.139,0.0,0.943,15.96,0.064,209.0,16394,0.406,0.061,0.0,0.98,63.382,0.045,342.0,0.44,0.046,0.0,0.95,47.014,-0.018,501.0,"Jaeger, Stephan",0.519,0.08,0.0,0.914,40.087,-0.011,362.0
0.833,0.07,0.0,0.935,23.4,0.002,632.0,0.689,0.063,0.0,0.946,30.394,0.012,726.0,0.861,0.079,0.0,0.958,17.225,0.018,190.0,17780,0.357,0.055,0.0,0.965,63.243,0.027,254.0,0.496,0.056,0.0,0.971,46.608,0.031,376.0,"Pendrith, Taylor",0.602,0.059,0.0,0.938,38.783,0.02,323.0
0.798,0.069,0.0,0.931,23.107,0.004,538.0,0.691,0.057,0.0,0.936,30.829,0.011,785.0,0.836,0.085,0.0,0.934,17.943,-0.019,213.0,17550,0.324,0.055,0.0,0.945,61.862,-0.011,274.0,0.479,0.048,0.0,0.962,46.454,0.017,392.0,"Van Rooyen, Erik",0.56,0.07,0.0,0.91,40.588,-0.02,301.0
0.812,0.076,0.0,0.94,22.029,0.018,516.0,0.7,0.056,0.0,0.944,30.099,0.011,842.0,0.859,0.118,0.0,0.941,15.594,0.043,203.0,17786,0.314,0.042,0.0,0.933,63.526,-0.03,312.0,0.444,0.056,0.0,0.941,46.486,-0.026,426.0,"Davis, Cam",0.546,0.088,0.0,0.949,39.252,0.011,296.0
0.75,0.072,0.0,0.916,24.695,-0.031,512.0,0.682,0.05,0.0,0.954,30.837,0.011,695.0,0.826,0.046,0.0,0.908,19.951,-0.069,131.0,20722,0.348,0.044,0.0,0.956,57.048,0.012,226.0,0.491,0.066,0.0,0.941,46.474,0.009,304.0,"Schmid, Matti",0.575,0.068,0.0,0.97,36.069,0.016,266.0
0.804,0.054,0.0,0.941,22.164,0.006,185.0,0.684,0.071,0.0,0.937,31.508,0.011,255.0,0.872,0.069,0.0,0.931,17.154,0.008,58.0,27870,0.316,0.028,0.0,0.972,67.493,-0.03,108.0,0.409,0.043,0.0,0.974,49.487,-0.016,116.0,"Coody, Parker",0.578,0.098,0.0,0.931,38.521,0.03,102.0
0.755,0.073,0.0,0.92,22.222,-0.005,288.0,0.674,0.047,0.0,0.965,30.848,0.011,401.0,0.831,0.047,0.0,0.93,18.993,-0.035,86.0,29767,0.394,0.071,0.0,0.955,60.629,0.029,155.0,0.427,0.064,0.0,0.986,41.052,0.045,220.0,"Gerard, Ryan",0.584,0.064,0.0,0.955,38.836,0.016,157.0
0.809,0.079,0.0,0.952,20.577,0.026,547.0,0.68,0.055,0.0,0.944,30.203,0.01,710.0,0.812,0.08,0.0,0.913,17.954,-0.053,150.0,10091,0.423,0.091,0.0,0.985,53.58,0.091,264.0,0.534,0.076,0.0,0.961,43.125,0.064,381.0,"McIlroy, Rory",0.635,0.089,0.0,0.936,34.71,0.056,282.0
0.831,0.072,0.0,0.939,22.974,0.004,360.0,0.678,0.071,0.0,0.951,31.075,0.01,494.0,0.9,0.075,0.0,0.962,19.003,-0.038,106.0,13508,0.378,0.035,0.0,0.975,64.51,0.019,202.0,0.513,0.082,0.0,0.959,44.919,0.042,243.0,"Vegas, Jhonattan",0.579,0.054,0.0,0.946,39.587,0.011,184.0
0.813,0.053,0.0,0.941,23.316,-0.01,304.0,0.668,0.07,0.0,0.945,31.667,0.01,526.0,0.834,0.101,0.0,0.941,16.554,0.025,119.0,14007,0.345,0.03,0.0,0.963,63.216,0.003,164.0,0.51,0.027,0.0,0.977,45.61,0.034,222.0,"Martin, Ben",0.521,0.04,0.0,0.89,42.202,-0.043,173.0
0.71,0.041,1.0,0.907,26.687,-0.076,97.0,0.673,0.049,0.0,0.946,30.982,0.01,205.0,0.868,0.118,0.0,0.971,16.904,0.066,34.0,19190,0.29,0.041,0.0,0.866,71.715,-0.11,97.0,0.429,0.08,0.0,0.943,45.009,0.026,88.0,"Hoshino, Rikuya",0.6,0.065,0.0,0.935,34.482,0.011,46.0
0.806,0.069,0.0,0.95,21.466,0.015,582.0,0.67,0.042,0.0,0.96,30.663,0.01,770.0,0.894,0.093,0.0,0.973,16.24,0.02,150.0,23482,0.374,0.053,0.0,0.971,57.189,0.042,244.0,0.478,0.054,0.0,0.96,46.157,0.007,354.0,"Sigg, Greyson",0.596,0.055,0.0,0.968,33.21,0.047,220.0
0.775,0.062,0.0,0.935,23.289,-0.019,673.0,0.706,0.052,0.0,0.947,31.475,0.009,901.0,0.859,0.073,0.0,0.923,19.155,-0.023,233.0,16283,0.342,0.058,0.0,0.96,61.814,0.012,346.0,0.452,0.046,0.0,0.954,48.073,-0.001,457.0,"Rodgers, Patrick",0.55,0.05,0.0,0.929,39.678,-0.02,381.0
0.805,0.08,0.0,0.932,22.057,0.004,616.0,0.683,0.05,0.0,0.951,30.805,0.009,857.0,0.804,0.092,0.0,0.917,16.966,0.001,217.0,23475,0.314,0.073,0.0,0.955,63.35,-0.013,287.0,0.488,0.048,0.0,0.963,43.944,0.023,400.0,"Novak, Andrew",0.505,0.06,0.0,0.95,36.436,0.013,319.0
0.815,0.062,0.0,0.94,22.605,0.01,682.0,0.705,0.047,0.0,0.942,31.476,0.009,994.0,0.812,0.095,0.0,0.926,18.219,-0.019,189.0,24968,0.345,0.04,0.0,0.96,61.201,0.01,378.0,0.542,0.074,0.0,0.961,45.158,0.045,485.0,"Griffin, Ben",0.593,0.089,0.0,0.942,35.01,0.048,382.0
0.755,0.075,0.0,0.92,24.395,-0.044,389.0,0.647,0.055,0.0,0.943,31.517,0.009,565.0,0.761,0.044,0.0,0.876,22.443,-0.111,113.0,25363,0.302,0.039,0.0,0.946,71.996,-0.019,129.0,0.426,0.04,0.0,0.919,53.371,-0.046,247.0,"Buckley, Hayden",0.574,0.053,0.0,0.925,39.594,-0.014,187.0
,,,,,,,0.621,0.067,1.0,0.941,31.028,0.008,119.0,0.939,0.0,1.0,1.0,17.696,-0.029,25.0,11082,0.307,0.018,0.0,0.929,68.01,-0.04,56.0,0.331,0.034,1.0,0.966,44.223,-0.023,59.0,"Burgoon, Bronson",0.667,0.043,0.0,0.978,31.543,0.037,46.0
0.775,0.073,0.0,0.924,22.736,-0.013,658.0,0.67,0.061,0.0,0.947,31.158,0.008,933.0,0.843,0.078,0.0,0.939,17.184,0.013,180.0,16333,0.389,0.046,0.0,0.964,57.757,0.034,303.0,0.501,0.07,0.0,0.971,45.191,0.039,441.0,"Hubbard, Mark",0.613,0.069,0.0,0.923,35.77,0.024,246.0
0.82,0.08,0.0,0.934,21.128,0.021,640.0,0.666,0.063,0.0,0.936,31.214,0.008,874.0,0.874,0.084,0.0,0.938,17.159,0.012,226.0,19483,0.313,0.076,0.0,0.949,66.884,-0.018,277.0,0.465,0.065,0.0,0.937,48.485,-0.016,475.0,"Burns, Sam",0.547,0.069,0.0,0.935,41.261,-0.003,306.0
0.796,0.09,1.0,0.95,22.362,0.03,100.0,0.725,0.068,0.0,0.959,31.517,0.008,147.0,0.774,0.111,1.0,0.963,16.575,-0.06,27.0,25003,0.28,0.066,0.0,0.967,55.112,0.013,61.0,0.462,0.042,1.0,0.915,48.196,-0.016,71.0,"Walker, Danny",0.698,0.108,0.0,0.952,35.105,0.099,83.0
0.782,0.047,0.0,0.93,23.716,-0.038,725.0,0.693,0.049,0.0,0.955,31.319,0.008,885.0,0.827,0.06,0.0,0.912,19.27,-0.041,283.0,25569,0.335,0.04,0.0,0.953,72.629,-0.018,299.0,0.432,0.038,0.0,0.949,49.583,-0.031,471.0,"Stevens, Sam",0.543,0.066,0.0,0.923,39.747,-0.026,378.0
0.698,0.051,1.0,0.909,23.817,-0.039,99.0,0.699,0.028,0.0,0.966,30.953,0.008,178.0,0.792,0.065,0.0,0.935,20.391,-0.025,31.0,27996,0.363,0.076,0.0,0.911,66.146,-0.046,79.0,0.586,0.1,0.0,0.975,48.993,0.046,80.0,"Cummins, Quade",0.495,0.027,0.0,0.919,41.96,-0.059,74.0
0.751,0.084,0.0,0.95,21.357,0.018,382.0,0.67,0.061,0.0,0.946,30.29,0.008,555.0,0.846,0.084,0.0,0.923,17.01,-0.02,143.0,28270,0.378,0.059,0.0,0.969,58.822,0.025,289.0,0.485,0.043,0.0,0.967,46.499,0.017,302.0,"Dunlap, Nick",0.543,0.082,0.0,0.905,42.13,-0.016,231.0
0.831,0.09,0.0,0.971,19.594,0.063,410.0,0.668,0.054,0.0,0.945,29.92,0.007,596.0,0.847,0.07,0.0,0.93,18.045,-0.038,114.0,7489,0.311,0.038,0.0,0.938,70.152,-0.04,130.0,0.393,0.042,0.0,0.981,46.943,-0.009,261.0,"Moore, Ryan",0.598,0.068,0.0,0.94,35.491,0.056,133.0
0.836,0.07,0.0,0.956,21.528,0.015,501.0,0.677,0.05,0.0,0.959,31.41,0.007,747.0,0.853,0.093,0.0,0.938,16.473,0.007,162.0,11276,0.306,0.037,0.0,0.975,61.615,-0.033,244.0,0.481,0.069,0.0,0.977,48.349,0.013,349.0,"Horschel, Billy",0.588,0.056,0.0,0.953,40.841,0.003,233.0
0.782,0.096,0.0,0.932,22.007,0.008,634.0,0.652,0.062,0.0,0.947,30.404,0.007,992.0,0.83,0.095,0.0,0.948,15.255,0.039,231.0,14609,0.337,0.056,0.0,0.952,59.924,-0.012,269.0,0.488,0.069,0.0,0.968,42.603,0.066,533.0,"Kim, Si Woo",0.527,0.077,0.0,0.93,38.714,-0.001,273.0
0.859,0.092,0.0,0.954,21.033,0.043,524.0,0.726,0.045,0.0,0.958,32.133,0.007,973.0,0.862,0.071,0.0,0.945,18.538,-0.008,183.0,14704,0.414,0.059,0.0,0.951,58.854,0.034,287.0,0.52,0.059,0.0,0.969,46.404,0.035,454.0,"Putnam, Andrew",0.617,0.085,0.0,0.931,36.502,0.04,188.0
0.801,0.075,1.0,0.975,22.9,-0.014,80.0,0.687,0.046,1.0,0.963,30.695,0.007,108.0,,,,,,,,21362,0.421,0.111,1.0,0.933,65.885,0.074,45.0,,,,,,,,"Hillier, Daniel",0.72,0.143,1.0,0.952,33.646,0.092,21.0
0.734,0.079,0.0,0.915,23.26,-0.02,433.0,0.688,0.053,0.0,0.95,32.413,0.006,641.0,0.837,0.066,0.0,0.91,20.231,-0.05,122.0,15330,0.307,0.067,0.0,0.962,62.136,-0.011,210.0,0.492,0.057,0.0,0.953,50.824,-0.001,298.0,"Griffin, Lanto",0.569,0.057,0.0,0.933,37.576,0.011,193.0
0.807,0.06,0.0,0.918,21.567,-0.009,501.0,0.664,0.057,0.0,0.954,29.985,0.006,809.0,0.89,0.099,0.0,0.948,15.49,0.039,192.0,17538,0.346,0.044,0.0,0.962,67.567,-0.004,318.0,0.48,0.059,0.0,0.969,47.897,0.019,426.0,"Homa, Max",0.545,0.088,0.0,0.916,38.522,-0.015,285.0
0.775,0.061,0.0,0.915,22.845,-0.013,378.0,0.68,0.047,0.0,0.945,30.611,0.006,580.0,0.901,0.064,0.0,0.963,18.346,-0.04,109.0,29433,0.404,0.096,0.0,0.959,63.48,0.043,219.0,0.468,0.053,0.0,0.972,48.663,-0.009,247.0,"Bridgeman, Jacob",0.545,0.051,0.0,0.907,44.735,-0.028,215.0
,,,,,,,0.714,0.058,1.0,0.961,32.271,0.006,103.0,0.861,0.12,1.0,0.92,18.744,-0.004,25.0,32152,0.378,0.0,1.0,0.947,69.032,0.025,38.0,,,,,,,,"Brown, Blades",0.651,0.04,1.0,0.88,48.298,-0.077,25.0
0.786,0.052,0.0,0.95,23.607,-0.02,383.0,0.675,0.068,0.0,0.946,31.606,0.005,588.0,0.861,0.096,0.0,0.91,17.309,0.007,167.0,6986,0.392,0.065,0.0,0.957,64.948,0.016,184.0,0.456,0.044,0.0,0.96,48.519,-0.011,273.0,"Johnson, Zach",0.569,0.053,0.0,0.916,42.1,-0.042,131.0
0.826,0.09,0.0,0.938,23.011,0.013,390.0,0.701,0.054,0.0,0.945,32.634,0.005,708.0,0.852,0.108,0.0,0.95,17.826,0.047,120.0,10419,0.376,0.065,0.0,0.959,55.132,0.046,217.0,0.445,0.039,0.0,0.982,45.03,0.01,334.0,"Noren, Alex",0.581,0.086,0.0,0.951,37.29,0.049,185.0
0.805,0.059,0.0,0.949,22.507,-0.001,509.0,0.666,0.063,0.0,0.946,30.986,0.005,717.0,0.863,0.081,0.0,0.966,16.832,0.03,148.0,10943,0.38,0.067,0.0,0.96,60.808,0.046,224.0,0.455,0.022,0.0,0.944,48.352,-0.017,323.0,"Lashley, Nate",0.598,0.079,0.0,0.925,36.194,0.042,241.0
0.797,0.061,0.0,0.947,22.84,0.0,457.0,0.68,0.053,0.0,0.942,31.868,0.005,641.0,0.859,0.064,0.0,0.945,18.762,-0.041,109.0,15475,0.391,0.077,0.0,0.969,62.069,0.037,196.0,0.422,0.053,0.0,0.964,50.069,-0.019,302.0,"Pan, C.T.",0.665,0.069,0.0,0.931,35.263,0.042,144.0
0.773,0.068,0.0,0.902,24.186,-0.04,542.0,0.692,0.052,0.0,0.939,31.173,0.005,821.0,0.854,0.072,0.0,0.923,18.17,-0.001,181.0,17646,0.364,0.058,0.0,0.942,62.031,0.017,294.0,0.537,0.069,0.0,0.981,43.846,0.064,421.0,"Fitzpatrick, Matt",0.567,0.068,0.0,0.92,42.421,-0.032,237.0
0.778,0.068,0.0,0.944,22.169,-0.006,575.0,0.679,0.065,0.0,0.942,31.717,0.004,757.0,0.87,0.06,0.0,0.94,17.83,0.016,182.0,14181,0.378,0.073,0.0,0.959,60.02,0.028,314.0,0.471,0.043,0.0,0.957,49.354,-0.006,417.0,"Detry, Thomas",0.527,0.047,0.0,0.934,43.961,-0.05,258.0
0.774,0.058,0.0,0.939,23.064,-0.016,446.0,0.695,0.069,0.0,0.951,31.421,0.004,593.0,0.842,0.122,0.0,0.914,21.424,-0.061,139.0,17381,0.365,0.04,0.0,0.975,70.496,-0.007,199.0,0.396,0.049,0.0,0.951,48.413,-0.051,266.0,"Silverman, Ben",0.575,0.07,0.0,0.942,38.475,0.018,172.0
0.831,0.078,0.0,0.949,21.342,0.033,643.0,0.69,0.056,0.0,0.952,31.828,0.004,932.0,0.879,0.121,0.0,0.969,15.356,0.052,223.0,18103,0.304,0.045,0.0,0.964,69.289,-0.018,335.0,0.478,0.063,0.0,0.98,45.66,0.048,443.0,"Bezuidenhout, Christiaan",0.522,0.054,0.0,0.941,41.441,-0.043,239.0
0.8,0.079,0.0,0.953,21.285,0.016,214.0,0.66,0.069,0.0,0.945,31.483,0.004,289.0,0.848,0.061,0.0,0.939,17.853,-0.026,82.0,27780,0.24,0.035,0.0,0.93,67.111,-0.048,115.0,0.424,0.047,0.0,0.953,47.245,-0.021,149.0,"Crowe, Trace",0.512,0.053,0.0,0.924,37.941,-0.011,131.0
0.899,0.067,0.0,0.966,20.538,0.048,179.0,0.678,0.071,0.0,0.934,29.205,0.003,241.0,0.928,0.137,0.0,0.986,13.771,0.117,73.0,19195,0.427,0.064,0.0,1.0,52.563,0.098,94.0,0.516,0.049,0.0,0.951,45.944,0.029,162.0,"Rahm, Jon",0.557,0.043,0.0,0.943,39.443,0.001,70.0
0.789,0.082,0.0,0.927,22.735,-0.002,600.0,0.678,0.057,0.0,0.939,30.944,0.003,846.0,0.83,0.1,0.0,0.946,17.603,-0.01,239.0,19477,0.282,0.047,0.0,0.953,69.333,-0.062,320.0,0.482,0.042,0.0,0.956,48.012,0.007,408.0,"Schenk, Adam",0.607,0.073,0.0,0.937,38.336,0.027,331.0
0.679,0.047,0.0,0.875,28.835,-0.117,192.0,0.693,0.037,0.0,0.959,32.019,0.003,244.0,0.737,0.029,0.0,0.868,22.973,-0.136,68.0,19738,0.344,0.056,0.0,0.978,66.933,-0.018,89.0,0.466,0.031,0.0,0.969,45.823,-0.013,129.0,"Dougherty, Kevin",0.581,0.07,0.0,0.922,42.546,-0.023,115.0
0.793,0.068,0.0,0.937,21.799,0.026,221.0,0.672,0.043,0.0,0.928,30.833,0.003,278.0,0.804,0.063,0.0,0.895,16.95,-0.003,95.0,21236,0.403,0.046,0.0,0.936,69.141,-0.014,109.0,0.401,0.05,0.0,0.943,47.077,-0.02,141.0,"Bryan, Wesley",0.502,0.024,0.0,0.952,38.451,-0.046,167.0
0.813,0.081,0.0,0.929,22.182,0.002,602.0,0.676,0.048,0.0,0.947,30.918,0.003,913.0,0.858,0.067,0.0,0.939,17.557,0.0,179.0,23014,0.373,0.059,0.0,0.967,54.089,0.023,389.0,0.454,0.053,0.0,0.953,44.716,0.015,468.0,"Theegala, Sahith",0.597,0.053,0.0,0.947,35.562,0.019,339.0
0.713,0.033,0.0,0.858,23.707,-0.071,120.0,0.673,0.057,0.0,0.943,30.81,0.003,158.0,0.692,0.139,0.0,0.806,21.756,-0.058,36.0,29770,0.351,0.045,0.0,0.97,62.486,-0.003,67.0,0.476,0.037,0.0,0.951,51.814,-0.005,82.0,"Mouw, William",0.593,0.039,0.0,0.934,40.773,-0.009,76.0
0.742,0.074,1.0,0.901,25.612,-0.035,81.0,0.714,0.043,1.0,0.931,32.227,0.003,116.0,0.811,0.048,0.0,0.929,19.031,-0.072,42.0,8479,,,,,,,,0.484,0.033,1.0,0.95,49.885,-0.021,60.0,"Harrington, Scott",0.458,0.026,0.0,0.908,42.888,-0.064,76.0
0.827,0.071,0.0,0.942,21.068,0.025,588.0,0.696,0.058,0.0,0.944,31.418,0.002,889.0,0.86,0.094,0.0,0.935,15.805,0.031,138.0,10104,0.301,0.025,0.0,0.957,66.917,-0.028,280.0,0.473,0.057,0.0,0.951,48.339,0.001,386.0,"Power, Seamus",0.574,0.053,0.0,0.938,39.241,0.013,225.0
0.797,0.064,0.0,0.962,21.494,0.019,652.0,0.691,0.05,0.0,0.951,30.18,0.002,882.0,0.873,0.085,0.0,0.958,17.843,0.018,165.0,17723,0.37,0.078,0.0,0.963,65.36,0.007,295.0,0.464,0.04,0.0,0.955,47.781,-0.022,374.0,"Lower, Justin",0.594,0.072,0.0,0.936,38.656,0.027,264.0
0.762,0.09,0.0,0.927,22.977,-0.015,354.0,0.664,0.055,0.0,0.951,32.236,0.002,659.0,0.877,0.078,0.0,0.961,16.85,0.021,153.0,20706,0.351,0.042,0.0,0.946,64.324,-0.008,259.0,0.443,0.056,0.0,0.925,49.199,-0.043,319.0,"Wallace, Matt",0.67,0.062,0.0,0.934,36.579,0.031,243.0
0.818,0.085,0.0,0.947,22.485,0.0,433.0,0.669,0.062,0.0,0.94,32.496,0.002,597.0,0.857,0.063,0.0,0.918,19.328,-0.032,159.0,23465,0.322,0.054,0.0,0.958,68.395,-0.005,240.0,0.485,0.052,0.0,0.951,47.878,0.008,305.0,"Greyserman, Max",0.532,0.056,0.0,0.924,40.904,-0.028,250.0
0.792,0.059,0.0,0.924,22.51,-0.006,303.0,0.671,0.059,0.0,0.95,30.557,0.002,456.0,0.92,0.105,0.0,0.934,17.555,0.042,76.0,23505,0.34,0.045,0.0,0.97,58.84,0.024,134.0,0.459,0.063,0.0,0.946,46.683,0.004,205.0,"McGreevy, Max",0.505,0.052,0.0,0.887,39.958,-0.059,115.0
0.815,0.087,0.0,0.927,22.13,0.029,507.0,0.67,0.066,0.0,0.93,31.212,0.001,728.0,0.852,0.077,0.0,0.95,17.045,-0.001,220.0,17365,0.346,0.059,0.0,0.932,59.82,-0.012,222.0,0.525,0.07,0.0,0.958,44.276,0.037,385.0,"Mitchell, Keith",0.579,0.057,0.0,0.957,38.334,0.017,369.0
0.769,0.047,0.0,0.919,25.073,-0.031,320.0,0.678,0.039,0.0,0.945,32.075,0.001,456.0,0.861,0.074,0.0,0.933,18.266,0.007,135.0,20519,0.358,0.055,0.0,0.978,57.961,0.037,181.0,0.489,0.065,0.0,0.935,48.22,-0.006,215.0,"Tarren, Callum",0.602,0.066,0.0,0.934,38.55,0.027,273.0
0.813,0.073,0.0,0.95,22.079,0.022,358.0,0.689,0.054,0.0,0.933,30.623,0.001,522.0,0.877,0.043,0.0,0.957,16.988,0.005,117.0,25213,0.381,0.048,0.0,0.963,59.329,0.014,187.0,0.451,0.048,0.0,0.94,48.454,-0.017,250.0,"Wu, Brandon",0.527,0.037,0.0,0.975,38.999,-0.009,161.0
0.766,0.063,0.0,0.937,23.314,0.003,127.0,0.639,0.058,0.0,0.955,32.398,-0.0,223.0,0.819,0.057,0.0,0.886,20.818,-0.053,35.0,5716,0.303,0.043,0.0,0.957,53.399,-0.019,70.0,0.358,0.028,0.0,0.907,49.772,-0.071,108.0,"Harrington, Padraig",0.67,0.059,0.0,0.926,34.781,0.025,68.0
0.808,0.061,0.0,0.966,22.71,0.0,148.0,0.667,0.087,0.0,0.954,31.059,-0.0,218.0,0.78,0.048,0.0,0.921,18.648,-0.057,63.0,8085,0.456,0.089,0.0,0.949,60.115,0.051,79.0,0.359,0.009,0.0,0.918,53.483,-0.133,110.0,"Teater, Josh",0.556,0.032,0.0,0.935,41.444,-0.05,93.0
0.781,0.063,0.0,0.92,24.044,-0.027,475.0,0.673,0.056,0.0,0.95,31.333,0.0,643.0,0.86,0.069,0.0,0.938,19.348,-0.028,130.0,23323,0.36,0.081,0.0,0.956,59.304,0.032,248.0,0.476,0.048,0.0,0.976,41.662,0.032,331.0,"MacIntyre, Robert",0.612,0.07,0.0,0.947,38.105,0.034,227.0
0.769,0.068,0.0,0.946,22.752,-0.015,147.0,0.652,0.041,0.0,0.959,30.69,0.0,171.0,0.835,0.041,0.0,0.878,19.608,-0.088,49.0,28158,0.383,0.115,1.0,0.962,63.519,0.058,52.0,0.44,0.038,0.0,0.942,47.709,-0.022,104.0,"Bennett, Sam",0.567,0.062,0.0,0.896,38.724,-0.001,48.0
0.828,0.096,0.0,0.95,21.43,0.046,479.0,0.671,0.07,0.0,0.945,31.373,-0.001,642.0,0.83,0.058,0.0,0.917,18.208,-0.005,156.0,13470,0.317,0.052,0.0,0.974,67.079,0.002,230.0,0.449,0.055,0.0,0.935,48.967,-0.033,307.0,"Kizzire, Patton",0.55,0.058,0.0,0.928,39.103,-0.012,223.0
0.812,0.082,0.0,0.957,22.58,0.014,184.0,0.663,0.056,0.0,0.951,30.654,-0.001,285.0,0.756,0.088,0.0,0.897,20.908,-0.08,68.0,23838,0.351,0.083,0.0,0.917,71.048,-0.041,120.0,0.539,0.066,0.0,0.952,46.613,0.01,166.0,"Hojgaard, Rasmus",0.626,0.109,0.0,0.966,40.531,0.026,119.0
0.773,0.067,0.0,0.929,24.075,-0.033,255.0,0.652,0.053,0.0,0.947,31.094,-0.001,321.0,0.888,0.064,0.0,0.968,17.687,-0.021,94.0,26649,0.394,0.071,0.0,0.952,56.652,0.027,126.0,0.511,0.067,0.0,0.959,42.304,0.06,193.0,"Thorbjornsen, Michael",0.583,0.089,0.0,0.888,40.133,0.012,169.0
0.775,0.068,0.0,0.925,22.971,-0.019,399.0,0.659,0.076,0.0,0.92,31.359,-0.001,538.0,0.793,0.092,0.0,0.927,17.671,-0.015,109.0,28469,0.357,0.077,0.0,0.945,59.811,0.019,183.0,0.454,0.071,0.0,0.965,46.299,0.02,254.0,"Highsmith, Joe",0.538,0.06,0.0,0.94,40.207,-0.021,216.0
0.795,0.067,0.0,0.912,23.082,-0.015,536.0,0.663,0.053,0.0,0.937,32.214,-0.002,759.0,0.901,0.077,0.0,0.971,16.612,0.014,207.0,18634,0.309,0.055,0.0,0.972,67.197,-0.015,254.0,0.505,0.062,0.0,0.967,49.313,0.018,390.0,"McNealy, Maverick",0.57,0.084,0.0,0.935,39.311,0.033,275.0
0.801,0.075,0.0,0.937,22.963,0.009,604.0,0.673,0.052,0.0,0.941,31.29,-0.002,793.0,0.784,0.041,0.0,0.892,19.374,-0.062,194.0,23656,0.371,0.059,0.0,0.958,63.476,0.02,236.0,0.461,0.047,0.0,0.961,46.958,0.002,384.0,"Young, Carson",0.597,0.054,0.0,0.955,40.003,-0.008,202.0
0.818,0.07,0.0,0.928,24.229,-0.026,345.0,0.684,0.061,0.0,0.928,32.14,-0.003,526.0,0.856,0.071,0.0,0.929,18.323,-0.034,127.0,9586,0.352,0.054,0.0,0.959,72.299,-0.019,148.0,0.465,0.036,0.0,0.948,51.895,-0.047,248.0,"Laird, Martin",0.599,0.055,0.0,0.97,38.046,0.016,164.0
0.829,0.059,0.0,0.951,22.56,0.009,472.0,0.674,0.052,0.0,0.945,31.724,-0.003,654.0,0.85,0.071,0.0,0.968,18.627,-0.014,154.0,25002,0.359,0.049,0.0,0.973,68.788,-0.0,225.0,0.424,0.033,0.0,0.97,50.178,-0.036,301.0,"Wu, Dylan",0.59,0.062,0.0,0.947,39.137,0.021,208.0
0.806,0.082,0.0,0.941,21.439,0.031,622.0,0.67,0.072,0.0,0.931,30.703,-0.003,808.0,0.864,0.058,0.0,0.942,18.506,-0.016,225.0,26651,0.405,0.068,0.0,0.953,57.771,0.028,278.0,0.489,0.064,0.0,0.958,46.996,0.008,456.0,"Young, Cameron",0.544,0.072,0.0,0.922,38.605,-0.006,361.0
0.772,0.053,0.0,0.886,24.877,-0.023,114.0,0.673,0.048,0.0,0.968,31.071,-0.003,188.0,0.927,0.053,0.0,0.974,16.769,0.041,38.0,27820,0.287,0.03,0.0,1.0,58.754,0.009,67.0,0.463,0.065,0.0,0.946,45.253,-0.002,92.0,"Pak, John",0.505,0.109,0.0,0.891,36.865,-0.013,46.0
0.82,0.059,0.0,0.93,23.739,0.004,373.0,0.649,0.066,0.0,0.917,32.91,-0.004,602.0,0.822,0.103,0.0,0.937,17.389,0.021,126.0,6252,0.326,0.056,0.0,0.935,61.983,-0.027,248.0,0.348,0.034,0.0,0.899,55.745,-0.104,268.0,"Baddeley, Aaron",0.519,0.062,0.0,0.914,41.089,-0.028,210.0
0.804,0.063,0.0,0.943,22.437,0.003,507.0,0.637,0.054,0.0,0.94,31.143,-0.004,669.0,0.855,0.089,0.0,0.924,18.678,-0.015,157.0,11889,0.391,0.07,0.0,0.96,57.742,0.044,301.0,0.432,0.044,0.0,0.959,46.479,-0.017,340.0,"Fox, Ryan",0.606,0.077,0.0,0.946,37.278,0.024,299.0
0.791,0.068,0.0,0.933,23.051,-0.007,555.0,0.698,0.058,0.0,0.94,32.203,-0.004,719.0,0.854,0.062,0.0,0.948,17.614,-0.023,210.0,19865,0.313,0.055,0.0,0.961,63.037,0.003,254.0,0.506,0.039,0.0,0.956,46.615,0.022,363.0,"Hardy, Nick",0.594,0.055,0.0,0.945,35.722,0.03,329.0
0.78,0.071,0.0,0.944,22.499,0.005,409.0,0.66,0.05,0.0,0.935,31.026,-0.004,704.0,0.809,0.095,0.0,0.914,21.426,-0.066,116.0,23816,0.355,0.049,0.0,0.969,62.846,0.013,223.0,0.509,0.066,0.0,0.968,42.996,0.043,316.0,"Valimaki, Sami",0.626,0.085,0.0,0.937,40.763,0.02,189.0
0.796,0.065,0.0,0.94,25.145,-0.036,352.0,0.677,0.048,0.0,0.933,31.084,-0.004,539.0,0.859,0.045,0.0,0.966,17.368,-0.018,88.0,26660,0.394,0.07,0.0,0.977,59.691,0.04,171.0,0.506,0.035,0.0,0.961,47.132,0.007,231.0,"Gordon, Will",0.562,0.045,0.0,0.949,41.371,-0.02,177.0
0.794,0.036,0.0,0.914,23.657,-0.023,140.0,0.645,0.049,0.0,0.946,30.926,-0.005,185.0,0.876,0.033,0.0,0.967,19.382,-0.069,60.0,32055,0.413,0.025,1.0,1.0,56.449,0.03,40.0,0.595,0.115,0.0,0.979,43.205,0.116,96.0,"Shipley, Neal",0.617,0.063,0.0,0.962,32.942,0.06,79.0
0.757,0.065,0.0,0.907,23.346,-0.027,507.0,0.667,0.061,0.0,0.928,33.519,-0.007,704.0,0.846,0.077,0.0,0.961,17.943,-0.009,181.0,14926,0.356,0.053,0.0,0.956,65.534,-0.009,321.0,0.364,0.05,0.0,0.932,52.881,-0.068,338.0,"Malnati, Peter",0.564,0.053,0.0,0.92,39.138,-0.019,361.0
0.83,0.034,0.0,0.924,25.993,-0.056,119.0,0.666,0.043,0.0,0.957,32.748,-0.007,257.0,0.862,0.068,0.0,0.955,19.263,-0.016,44.0,19729,0.378,0.0,0.0,0.983,59.412,-0.004,60.0,0.39,0.032,0.0,0.96,50.821,-0.037,124.0,"Kanaya, Takumi",0.527,0.027,0.0,0.892,43.367,-0.083,37.0
0.788,0.084,0.0,0.95,23.279,0.006,202.0,0.626,0.076,0.0,0.944,30.165,-0.007,301.0,0.854,0.081,0.0,0.959,17.585,0.017,74.0,28635,0.443,0.046,0.0,0.943,68.899,0.003,87.0,0.479,0.036,0.0,0.946,48.477,-0.01,166.0,"McCarty, Matt",0.577,0.078,0.0,0.935,37.158,0.002,77.0
0.787,0.081,0.0,0.922,23.69,-0.009,283.0,0.674,0.044,0.0,0.938,32.533,-0.008,497.0,0.873,0.078,0.0,0.951,15.388,0.047,102.0,13412,0.387,0.065,0.0,0.94,63.207,-0.019,201.0,0.449,0.057,0.0,0.951,45.988,0.002,245.0,"Olesen, Thorbjorn",0.643,0.048,0.0,0.946,38.036,0.031,147.0
0.769,0.08,0.0,0.951,22.225,0.007,425.0,0.652,0.053,0.0,0.947,31.963,-0.008,660.0,0.836,0.11,0.0,0.945,16.57,0.003,164.0,17639,0.22,0.045,0.0,0.981,68.303,-0.057,154.0,0.456,0.05,0.0,0.959,50.253,-0.009,342.0,"Blair, Zac",0.539,0.1,0.0,0.947,36.808,0.035,170.0
0.761,0.05,0.0,0.909,25.083,-0.06,361.0,0.66,0.055,0.0,0.927,32.822,-0.008,492.0,0.828,0.075,0.0,0.933,20.244,-0.048,134.0,27774,0.404,0.067,0.0,0.933,63.082,0.021,239.0,0.429,0.058,0.0,0.919,52.786,-0.047,260.0,"Gotterup, Chris",0.588,0.072,0.0,0.934,40.505,0.009,305.0
0.786,0.035,0.0,0.939,23.581,-0.036,114.0,0.664,0.039,0.0,0.935,32.069,-0.009,155.0,0.79,0.04,1.0,0.88,20.492,-0.064,25.0,7881,0.278,0.06,0.0,0.94,64.389,-0.091,67.0,0.493,0.05,0.0,0.95,51.902,-0.039,80.0,"Kang, Sung",0.563,0.052,0.0,0.966,34.732,0.028,58.0
0.824,0.052,0.0,0.959,20.516,0.025,193.0,0.666,0.05,0.0,0.932,32.59,-0.009,222.0,0.8,0.131,0.0,0.885,20.602,-0.056,61.0,16713,0.31,0.014,0.0,0.957,75.922,-0.046,70.0,0.506,0.066,0.0,0.925,48.422,-0.002,106.0,"Lindheim, Nicholas",0.462,0.048,0.0,0.904,41.1,-0.039,83.0
0.812,0.076,0.0,0.933,21.358,0.013,568.0,0.668,0.047,0.0,0.942,31.232,-0.009,765.0,0.859,0.162,0.0,0.966,15.433,0.075,204.0,23604,0.344,0.037,0.0,0.939,66.137,-0.028,296.0,0.496,0.072,0.0,0.937,47.877,0.013,431.0,"Clark, Wyndham",0.561,0.095,0.0,0.94,37.602,0.017,316.0
0.803,0.066,0.0,0.954,24.356,-0.018,152.0,0.674,0.057,0.0,0.911,33.454,-0.009,192.0,0.766,0.038,0.0,0.906,19.164,-0.055,53.0,29348,0.316,0.027,0.0,0.904,66.712,-0.036,73.0,0.398,0.05,0.0,0.921,54.96,-0.075,101.0,"Hale Jr, Blaine",0.615,0.075,0.0,0.916,34.888,0.044,107.0
0.801,0.067,0.0,0.941,22.735,0.008,119.0,0.648,0.056,0.0,0.937,31.943,-0.009,142.0,0.639,0.091,0.0,0.758,22.805,-0.183,33.0,13531,,,,,,,,0.463,0.032,1.0,0.968,51.654,-0.022,62.0,"Kodaira, Satoshi",0.59,0.118,0.0,1.0,43.327,0.043,34.0
0.803,0.065,0.0,0.935,21.896,-0.0,463.0,0.674,0.058,0.0,0.941,31.915,-0.01,656.0,0.899,0.114,0.0,0.953,14.453,0.07,149.0,6430,0.392,0.067,0.0,0.958,60.109,0.041,238.0,0.455,0.048,0.0,0.952,47.178,-0.009,351.0,"Scott, Adam",0.606,0.064,0.0,0.974,37.983,0.026,235.0
0.817,0.058,0.0,0.938,21.138,0.023,241.0,0.662,0.045,0.0,0.939,33.388,-0.01,314.0,0.866,0.144,0.0,0.952,15.415,0.084,104.0,14050,0.289,0.043,0.0,0.957,72.32,-0.033,93.0,0.44,0.04,0.0,0.927,51.117,-0.029,150.0,"Sloan, Roger",0.564,0.063,0.0,0.929,37.458,0.039,126.0
0.766,0.078,0.0,0.924,23.615,-0.027,529.0,0.676,0.049,0.0,0.94,32.11,-0.01,780.0,0.843,0.083,0.0,0.95,18.638,-0.008,180.0,14636,0.381,0.05,0.0,0.977,58.051,0.031,260.0,0.474,0.05,0.0,0.953,44.909,0.003,402.0,"Spieth, Jordan",0.571,0.08,0.0,0.953,37.037,0.025,276.0
0.791,0.063,0.0,0.94,22.208,0.011,554.0,0.658,0.053,0.0,0.939,33.346,-0.01,792.0,0.815,0.087,0.0,0.941,17.442,0.012,219.0,27194,0.333,0.059,0.0,0.947,69.546,-0.015,321.0,0.443,0.078,0.0,0.946,50.134,-0.003,370.0,"Hall, Harry",0.528,0.088,0.0,0.95,40.697,-0.018,319.0
0.772,0.037,1.0,0.95,22.116,-0.006,80.0,0.738,0.043,0.0,0.914,31.562,-0.011,139.0,0.869,0.097,0.0,0.903,15.741,0.057,31.0,14196,0.318,0.091,0.0,0.891,69.543,-0.042,55.0,0.456,0.014,1.0,0.917,54.771,-0.051,72.0,"Meronk, Adrian",0.572,0.073,0.0,0.902,42.555,-0.052,41.0
0.898,0.078,1.0,0.948,18.552,0.06,77.0,0.641,0.067,1.0,0.924,28.767,-0.011,119.0,0.801,0.0,0.0,0.844,17.216,-0.07,32.0,15856,0.336,0.0,0.0,0.946,60.139,-0.011,56.0,0.376,0.04,0.0,0.939,51.864,-0.066,99.0,"Smith, Cameron",0.716,0.07,0.0,1.0,29.361,0.116,43.0
0.806,0.071,0.0,0.933,23.811,-0.009,239.0,0.667,0.046,0.0,0.942,32.331,-0.011,328.0,0.864,0.053,0.0,0.947,19.519,-0.045,75.0,18424,0.292,0.059,0.0,0.931,69.922,-0.052,102.0,0.572,0.073,0.0,0.954,44.341,0.072,151.0,"Roy, Kevin",0.678,0.113,0.0,0.947,33.647,0.092,133.0
0.794,0.068,1.0,0.966,22.767,-0.007,88.0,0.621,0.07,1.0,0.922,32.109,-0.011,115.0,0.887,0.095,1.0,0.905,13.512,0.081,21.0,20448,,,,,,,,0.511,0.034,1.0,0.966,40.141,0.059,59.0,"Katsuragawa, Yuto",0.513,0.045,1.0,1.0,35.12,0.031,22.0
0.804,0.078,0.0,0.941,22.123,0.022,423.0,0.658,0.065,0.0,0.93,32.285,-0.012,618.0,0.852,0.095,0.0,0.949,18.003,-0.001,137.0,19396,0.35,0.06,0.0,0.967,65.224,-0.004,302.0,0.517,0.063,0.0,0.96,47.97,0.017,351.0,"Knapp, Jake",0.593,0.078,0.0,0.918,38.665,0.014,255.0
0.758,0.054,0.0,0.908,25.808,-0.06,336.0,0.648,0.064,0.0,0.925,32.743,-0.012,452.0,0.795,0.043,0.0,0.924,21.086,-0.102,92.0,23542,0.358,0.053,0.0,0.96,63.076,-0.003,150.0,0.439,0.066,0.0,0.943,48.894,-0.003,211.0,"Champ, Cameron",0.546,0.04,0.0,0.938,42.831,-0.033,176.0
0.715,0.039,1.0,0.922,23.164,-0.023,102.0,0.646,0.057,0.0,0.918,120.587,-0.012,159.0,0.895,0.081,0.0,1.0,16.296,0.023,37.0,24562,0.34,0.024,1.0,0.929,66.557,-0.078,42.0,0.425,0.014,1.0,0.973,47.983,-0.017,74.0,"Knowles, Philip",0.499,0.038,0.0,0.868,41.364,-0.085,53.0
0.835,0.086,0.0,0.942,22.001,0.018,139.0,0.657,0.035,0.0,0.953,32.429,-0.012,171.0,0.801,0.074,0.0,0.963,18.534,-0.02,54.0,27900,0.262,0.079,0.0,0.905,71.99,-0.118,63.0,0.41,0.079,0.0,0.921,48.533,-0.031,101.0,"Potgieter, Aldrich",0.504,0.032,0.0,0.904,43.978,-0.058,94.0
0.78,0.056,0.0,0.97,21.047,0.01,198.0,0.647,0.057,0.0,0.948,31.494,-0.013,229.0,0.843,0.1,0.0,0.957,16.831,0.018,70.0,7301,0.382,0.065,0.0,0.952,71.911,0.052,62.0,0.451,0.034,0.0,0.914,52.327,-0.063,116.0,"Dufner, Jason",0.5,0.034,0.0,0.943,44.647,-0.036,88.0
0.745,0.078,0.0,0.919,22.596,-0.01,385.0,0.616,0.054,0.0,0.946,31.049,-0.013,540.0,0.856,0.106,0.0,0.932,16.3,0.027,132.0,13367,0.367,0.065,0.0,0.948,65.588,0.011,153.0,0.418,0.055,0.0,0.941,46.204,-0.033,253.0,"Merritt, Troy",0.613,0.096,0.0,0.944,36.255,0.05,177.0
0.789,0.073,0.0,0.923,23.559,-0.016,467.0,0.65,0.056,0.0,0.915,31.948,-0.013,517.0,0.838,0.081,0.0,0.959,17.324,-0.034,123.0,22050,0.402,0.039,0.0,0.948,62.547,0.004,154.0,0.436,0.034,0.0,0.925,51.549,-0.048,266.0,"Suh, Justin",0.572,0.052,0.0,0.96,36.338,-0.007,174.0
0.823,0.068,0.0,0.94,23.273,0.006,117.0,0.69,0.045,0.0,0.935,33.468,-0.013,201.0,0.915,0.073,0.0,0.951,17.808,0.02,41.0,26657,0.467,0.072,0.0,1.0,41.149,0.133,69.0,0.46,0.062,0.0,0.963,47.593,-0.005,81.0,"Fisk, Steven",0.603,0.052,0.0,0.948,41.274,-0.014,77.0
0.766,0.092,0.0,0.933,21.166,0.012,435.0,0.637,0.063,0.0,0.937,31.965,-0.013,634.0,0.83,0.1,0.0,0.938,17.661,0.001,130.0,27164,0.345,0.038,0.0,0.918,64.958,-0.044,208.0,0.437,0.075,0.0,0.958,45.002,0.027,308.0,"Phillips, Chandler",0.572,0.072,0.0,0.951,38.565,0.008,223.0
0.713,0.068,0.0,0.877,25.939,-0.055,146.0,0.658,0.061,0.0,0.947,34.091,-0.014,228.0,0.832,0.074,0.0,0.926,20.232,-0.05,81.0,21880,0.371,0.108,0.0,0.969,59.491,0.072,65.0,0.433,0.009,0.0,0.954,50.269,-0.035,108.0,"Cone, Trevor",0.678,0.08,0.0,0.949,36.356,0.058,137.0
0.805,0.078,0.0,0.95,21.105,0.018,459.0,0.68,0.044,0.0,0.946,32.17,-0.015,540.0,0.814,0.028,0.0,0.923,18.42,-0.086,143.0,14967,0.35,0.017,0.0,0.955,67.224,-0.012,178.0,0.452,0.053,0.0,0.951,50.814,-0.038,263.0,"Hadley, Chesson",0.589,0.078,0.0,0.959,37.715,0.034,219.0
0.824,0.058,0.0,0.93,23.515,-0.0,172.0,0.693,0.038,0.0,0.936,34.795,-0.016,236.0,0.785,0.073,0.0,0.891,19.43,-0.023,55.0,18536,0.366,0.036,0.0,0.928,59.487,0.006,83.0,0.468,0.049,0.0,0.934,51.703,-0.024,122.0,"McCormick, Ryan",0.517,0.05,0.0,0.925,40.366,-0.014,120.0
0.812,0.072,0.0,0.946,22.142,0.008,446.0,0.66,0.046,0.0,0.932,32.048,-0.017,690.0,0.832,0.068,0.0,0.926,17.544,-0.005,162.0,13497,0.293,0.023,0.0,0.936,71.786,-0.064,219.0,0.429,0.037,0.0,0.947,50.394,-0.037,300.0,"Lee, K.H.",0.557,0.065,0.0,0.951,37.807,0.004,245.0
0.799,0.031,0.0,0.922,24.832,-0.04,322.0,0.644,0.046,0.0,0.926,31.911,-0.017,459.0,0.859,0.058,0.0,0.952,16.977,-0.005,104.0,19948,0.365,0.066,0.0,0.929,62.453,-0.023,211.0,0.356,0.038,0.0,0.947,48.953,-0.035,208.0,"Taylor, Ben",0.54,0.055,0.0,0.94,42.888,-0.034,199.0
0.774,0.043,0.0,0.909,24.986,-0.064,164.0,0.638,0.045,0.0,0.934,31.968,-0.018,244.0,0.837,0.058,0.0,0.957,19.578,-0.014,69.0,12920,0.279,0.023,0.0,0.977,66.972,-0.021,87.0,0.419,0.048,0.0,0.937,49.467,-0.045,126.0,"Willett, Danny",0.507,0.067,0.0,0.933,39.401,-0.036,89.0
0.685,0.063,0.0,0.897,26.547,-0.093,174.0,0.679,0.044,0.0,0.925,31.295,-0.018,227.0,0.748,0.059,0.0,0.868,25.442,-0.142,68.0,17068,0.322,0.028,0.0,0.93,66.66,-0.053,71.0,0.446,0.048,0.0,0.962,43.619,-0.014,105.0,"Daffue, MJ",0.606,0.091,0.0,0.945,33.171,0.057,110.0
0.753,0.07,0.0,0.914,24.297,-0.033,561.0,0.649,0.06,0.0,0.934,33.148,-0.018,814.0,0.841,0.05,0.0,0.925,19.348,-0.051,201.0,19840,0.363,0.037,0.0,0.963,71.787,-0.017,246.0,0.483,0.057,0.0,0.956,47.311,0.013,384.0,"Ramey, Chad",0.554,0.046,0.0,0.947,39.284,-0.005,262.0
0.834,0.059,0.0,0.943,22.049,0.003,456.0,0.645,0.046,0.0,0.938,32.102,-0.018,633.0,0.82,0.072,0.0,0.928,19.365,-0.067,153.0,19960,0.392,0.057,0.0,0.953,64.046,0.019,212.0,0.462,0.052,0.0,0.967,48.449,0.01,366.0,"Pavon, Matthieu",0.604,0.077,0.0,0.949,40.139,0.014,195.0
0.787,0.093,0.0,0.938,20.846,0.031,194.0,0.641,0.072,0.0,0.932,31.125,-0.018,293.0,0.791,0.18,0.0,0.94,17.934,0.018,50.0,14655,0.258,0.024,0.0,0.964,58.753,-0.051,83.0,0.477,0.04,0.0,0.96,47.588,0.008,150.0,"Murray, Grayson",0.635,0.05,0.0,0.96,35.285,0.033,101.0
0.77,0.034,0.0,0.91,24.093,-0.037,268.0,0.65,0.06,0.0,0.927,32.663,-0.019,386.0,0.884,0.061,0.0,0.949,16.071,0.002,98.0,5665,0.368,0.051,0.0,0.941,75.035,-0.022,136.0,0.473,0.056,0.0,0.949,48.201,0.012,177.0,"Cink, Stewart",0.656,0.05,0.0,0.936,38.147,0.021,141.0
0.813,0.057,0.0,0.946,22.73,-0.006,578.0,0.654,0.047,0.0,0.939,33.177,-0.019,805.0,0.895,0.102,0.0,0.951,17.22,0.021,226.0,15470,0.291,0.046,0.0,0.948,64.202,-0.04,326.0,0.43,0.038,0.0,0.917,52.336,-0.075,421.0,"Hossler, Beau",0.603,0.083,0.0,0.953,37.811,0.037,384.0
0.766,0.066,0.0,0.916,23.714,-0.036,486.0,0.666,0.05,0.0,0.935,32.74,-0.019,666.0,0.879,0.078,0.0,0.948,17.369,0.006,153.0,16841,0.327,0.052,0.0,0.948,62.251,-0.03,231.0,0.458,0.053,0.0,0.953,49.5,-0.01,337.0,"Lee, Min Woo",0.557,0.045,0.0,0.936,38.715,-0.014,313.0
0.777,0.055,0.0,0.927,25.001,-0.043,164.0,0.711,0.045,0.0,0.939,34.155,-0.019,198.0,0.862,0.019,0.0,0.944,21.096,-0.067,54.0,27600,0.255,0.034,0.0,0.983,72.678,-0.058,58.0,0.472,0.087,0.0,0.99,41.836,0.064,104.0,"Kuest, Peter",0.612,0.09,0.0,0.944,38.478,0.06,89.0
0.742,0.045,0.0,0.914,24.284,-0.043,243.0,0.666,0.049,0.0,0.913,33.806,-0.02,288.0,0.897,0.067,0.0,0.96,18.587,-0.027,75.0,13305,0.382,0.038,0.0,0.933,64.926,-0.026,105.0,0.443,0.053,0.0,0.909,48.753,-0.016,132.0,"Chappell, Kevin",0.643,0.053,0.0,0.947,36.099,0.023,132.0
0.785,0.069,0.0,0.933,23.971,-0.025,390.0,0.648,0.049,0.0,0.953,32.325,-0.02,592.0,0.828,0.105,0.0,0.928,18.833,0.009,153.0,25908,0.337,0.04,0.0,0.948,64.918,-0.021,250.0,0.397,0.035,0.0,0.937,50.678,-0.04,284.0,"Whaley, Vince",0.604,0.046,0.0,0.921,39.296,-0.014,304.0
0.811,0.109,0.0,0.942,22.343,0.042,137.0,0.651,0.062,0.0,0.919,32.82,-0.02,211.0,0.845,0.127,0.0,0.909,18.53,0.001,55.0,27819,0.386,0.101,0.0,0.975,60.119,0.04,79.0,0.517,0.029,0.0,0.981,44.888,0.008,103.0,"Castillo, Ricky",0.743,0.042,0.0,0.986,32.606,0.091,71.0
0.786,0.101,1.0,0.955,23.506,0.015,89.0,0.637,0.073,0.0,0.92,33.049,-0.02,137.0,0.73,0.043,0.0,0.913,21.694,-0.101,46.0,17064,0.334,0.071,0.0,0.982,62.133,0.023,56.0,0.387,0.059,0.0,0.953,50.089,-0.018,85.0,"Herbert, Lucas",0.519,0.064,0.0,0.91,41.883,-0.051,78.0
0.818,0.063,0.0,0.931,24.193,-0.002,319.0,0.634,0.059,0.0,0.939,32.701,-0.021,510.0,0.81,0.0,0.0,0.926,19.681,-0.097,95.0,12909,0.349,0.042,0.0,0.953,65.702,-0.012,191.0,0.432,0.047,0.0,0.941,48.817,-0.035,255.0,"Campos, Rafael",0.506,0.062,0.0,0.913,42.852,-0.054,208.0
0.788,0.071,0.0,0.938,21.719,-0.013,113.0,0.716,0.058,1.0,0.933,34.349,-0.021,120.0,0.858,0.03,0.0,0.939,17.454,-0.031,33.0,21943,0.373,0.1,1.0,1.0,60.339,0.059,40.0,0.351,0.061,1.0,0.879,52.223,-0.102,66.0,"Lebioda, Hank",0.511,0.098,0.0,0.902,43.988,0.009,51.0
0.836,0.092,0.0,0.924,21.461,0.02,119.0,0.674,0.062,0.0,0.938,32.035,-0.022,224.0,0.889,0.057,0.0,0.943,16.824,0.004,53.0,4163,0.36,0.013,0.0,0.937,68.205,-0.019,79.0,0.459,0.051,0.0,0.958,51.018,-0.01,118.0,"Donald, Luke",0.522,0.121,0.0,0.983,32.454,0.087,58.0
0.804,0.091,0.0,0.949,21.281,0.028,428.0,0.643,0.05,0.0,0.925,32.39,-0.022,583.0,0.848,0.104,0.0,0.968,16.496,0.033,125.0,8480,0.342,0.029,0.0,0.971,62.391,-0.005,174.0,0.505,0.038,0.0,0.977,46.079,0.025,261.0,"Streelman, Kevin",0.517,0.069,0.0,0.937,41.368,-0.025,189.0
,,,,,,,0.614,0.028,1.0,0.926,30.814,-0.022,108.0,0.928,0.14,0.0,0.953,12.339,0.08,43.0,12422,0.318,0.041,1.0,0.98,66.237,-0.03,49.0,0.482,0.037,0.0,0.963,50.17,0.027,82.0,"Johnson, Dustin",0.51,0.069,1.0,0.862,47.674,-0.134,29.0
0.754,0.049,1.0,0.938,23.354,-0.025,81.0,0.643,0.081,0.0,0.933,32.03,-0.022,149.0,0.942,0.079,0.0,0.947,14.911,0.095,38.0,19841,0.322,0.045,0.0,0.97,55.656,0.02,66.0,0.49,0.031,0.0,0.99,47.057,0.033,98.0,"DeChambeau, Bryson",0.569,0.069,0.0,0.914,38.158,-0.009,58.0
0.816,0.069,0.0,0.956,22.469,0.008,159.0,0.643,0.04,0.0,0.951,33.048,-0.023,324.0,0.873,0.087,0.0,0.942,18.452,-0.011,69.0,14775,0.274,0.077,0.0,0.956,60.418,-0.018,91.0,0.46,0.047,0.0,0.982,44.387,0.04,170.0,"Bjork, Alexander",0.601,0.138,0.0,0.985,35.967,0.059,65.0
0.795,0.069,0.0,0.918,22.162,0.001,378.0,0.65,0.047,0.0,0.916,32.483,-0.023,572.0,0.829,0.043,0.0,0.932,17.444,-0.001,117.0,18635,0.338,0.092,0.0,0.942,59.737,-0.014,206.0,0.439,0.046,0.0,0.954,47.205,-0.011,240.0,"Shelton, Robby",0.459,0.047,0.0,0.932,38.984,-0.05,190.0
0.791,0.058,0.0,0.922,23.344,-0.023,359.0,0.636,0.056,0.0,0.94,31.241,-0.024,464.0,0.838,0.1,0.0,0.9,19.308,-0.011,90.0,11049,0.372,0.08,0.0,0.978,56.638,0.049,137.0,0.44,0.045,0.0,0.965,45.753,-0.005,199.0,"Simpson, Webb",0.523,0.078,0.0,0.958,39.485,-0.01,166.0
0.726,0.097,0.0,0.906,23.354,-0.027,351.0,0.611,0.074,0.0,0.924,32.064,-0.025,473.0,0.865,0.076,0.0,0.924,17.635,-0.016,145.0,17266,0.316,0.049,0.0,0.951,63.012,-0.036,182.0,0.422,0.045,0.0,0.959,44.993,-0.006,220.0,"Yuan, Carl",0.488,0.068,0.0,0.909,42.133,-0.051,220.0
0.793,0.061,0.0,0.932,22.917,-0.017,661.0,0.653,0.05,0.0,0.938,32.465,-0.025,1015.0,0.819,0.053,0.0,0.938,17.325,-0.018,226.0,17488,0.327,0.076,0.0,0.934,57.812,0.018,317.0,0.508,0.067,0.0,0.971,45.189,0.033,521.0,"Im, Sungjae",0.535,0.077,0.0,0.949,38.222,0.01,272.0
0.737,0.02,1.0,0.97,25.844,-0.076,101.0,0.648,0.079,0.0,0.927,34.335,-0.025,151.0,0.809,0.027,0.0,0.946,15.462,0.022,37.0,23048,0.382,0.08,1.0,0.98,63.194,0.012,50.0,0.425,0.044,1.0,0.956,50.951,-0.018,68.0,"Stanger, Jimmy",0.621,0.036,0.0,0.911,39.329,-0.038,56.0
0.806,0.084,0.0,0.935,21.569,0.019,525.0,0.666,0.055,0.0,0.944,33.189,-0.026,768.0,0.857,0.086,0.0,0.933,16.883,0.016,210.0,6169,0.316,0.032,0.0,0.95,74.792,-0.041,221.0,0.458,0.033,0.0,0.967,50.017,-0.017,365.0,"Kuchar, Matt",0.598,0.06,0.0,0.953,34.584,0.048,232.0
0.785,0.054,0.0,0.91,23.894,-0.03,167.0,0.666,0.027,0.0,0.935,32.276,-0.026,184.0,0.773,0.079,0.0,0.868,19.241,-0.037,38.0,7626,0.238,0.043,1.0,0.957,74.376,-0.041,46.0,0.444,0.068,0.0,0.955,51.222,-0.017,88.0,"O'Hair, Sean",0.498,0.099,0.0,0.944,42.616,-0.027,71.0
0.792,0.032,0.0,0.93,24.418,-0.038,157.0,0.667,0.057,0.0,0.905,33.681,-0.026,210.0,0.887,0.105,0.0,0.965,15.573,0.059,57.0,7955,0.311,0.025,0.0,0.975,67.665,-0.023,122.0,0.486,0.053,0.0,0.916,51.558,-0.05,95.0,"Watney, Nick",0.562,0.04,0.0,0.949,40.147,-0.005,99.0
0.812,0.067,0.0,0.933,21.914,-0.004,329.0,0.664,0.056,0.0,0.924,32.239,-0.026,485.0,0.871,0.121,0.0,0.943,15.471,0.048,141.0,9171,0.348,0.056,0.0,0.96,63.023,0.003,251.0,0.401,0.039,0.0,0.9,57.007,-0.078,230.0,"Villegas, Camilo",0.609,0.089,0.0,0.938,34.537,0.041,192.0
0.789,0.063,0.0,0.909,25.112,-0.047,394.0,0.684,0.038,0.0,0.938,33.448,-0.026,520.0,0.822,0.068,0.0,0.897,19.717,-0.055,146.0,18187,0.379,0.069,0.0,0.962,64.673,0.017,130.0,0.458,0.036,0.0,0.952,47.971,-0.018,249.0,"Duncan, Tyler",0.463,0.025,0.0,0.924,44.103,-0.076,157.0
,,,,,,,0.638,0.052,0.0,0.923,33.616,-0.026,155.0,0.87,0.0,1.0,0.957,19.338,-0.023,23.0,24837,0.365,0.096,1.0,0.942,57.909,0.015,52.0,0.474,0.049,1.0,1.0,43.394,0.053,61.0,"Goodwin, Noah",0.576,0.103,0.0,0.949,39.66,-0.014,39.0
0.833,0.055,0.0,0.957,23.157,-0.003,326.0,0.672,0.031,0.0,0.958,33.993,-0.026,478.0,0.859,0.045,0.0,0.919,20.971,-0.064,111.0,25094,0.348,0.03,0.0,0.976,62.855,-0.003,164.0,0.481,0.044,0.0,0.956,49.442,-0.01,225.0,"Fishburn, Patrick",0.588,0.039,0.0,0.938,41.301,-0.036,178.0
0.811,0.061,0.0,0.934,23.642,0.001,213.0,0.598,0.045,0.0,0.946,32.803,-0.027,336.0,0.745,0.07,0.0,0.907,18.759,-0.033,86.0,7899,0.31,0.076,0.0,0.937,71.608,-0.066,79.0,0.437,0.035,0.0,0.942,49.54,-0.039,172.0,"Piercy, Scott",0.582,0.103,0.0,0.957,33.991,0.056,117.0
0.761,0.072,0.0,0.923,23.52,-0.026,221.0,0.649,0.043,0.0,0.927,33.74,-0.027,301.0,0.881,0.107,0.0,0.964,16.973,0.02,84.0,15473,0.304,0.062,0.0,0.95,64.632,-0.02,80.0,0.377,0.029,0.0,0.927,53.438,-0.102,137.0,"Long, Adam",0.616,0.084,0.0,0.937,42.455,0.022,95.0
0.785,0.053,0.0,0.913,23.916,-0.027,472.0,0.645,0.051,0.0,0.922,33.235,-0.027,549.0,0.833,0.078,0.0,0.922,18.837,-0.033,166.0,24342,0.326,0.034,0.0,0.928,67.388,-0.043,208.0,0.457,0.06,0.0,0.906,51.531,-0.045,267.0,"Higgo, Garrick",0.539,0.079,0.0,0.921,43.345,-0.015,242.0
0.791,0.094,0.0,0.95,22.874,0.004,319.0,0.665,0.035,0.0,0.945,33.964,-0.027,399.0,0.859,0.05,0.0,0.95,17.066,0.01,101.0,28309,0.329,0.03,0.0,0.947,67.187,-0.043,133.0,0.422,0.068,0.0,0.946,50.195,-0.037,205.0,"Coody, Pierceson",0.491,0.03,0.0,0.935,45.788,-0.087,199.0
0.754,0.109,0.0,0.949,22.785,0.007,137.0,0.659,0.038,1.0,0.917,32.869,-0.027,132.0,0.802,0.071,1.0,0.964,19.321,-0.036,28.0,8469,,,,,,,,0.478,0.058,1.0,0.928,51.914,-0.032,69.0,"Armour, Ryan",0.447,0.048,0.0,0.905,44.444,-0.049,42.0
,,,,,,,0.715,0.058,1.0,0.951,34.566,-0.028,103.0,0.74,0.061,0.0,0.879,17.291,-0.038,33.0,1547,,,,,,,,0.55,0.098,0.0,0.963,46.591,0.102,82.0,"Mickelson, Phil",0.643,0.107,1.0,0.929,32.617,0.084,28.0
0.769,0.045,0.0,0.932,22.684,-0.029,132.0,0.699,0.04,0.0,0.955,36.528,-0.028,177.0,0.759,0.024,0.0,0.927,19.948,-0.058,41.0,12846,0.338,0.043,1.0,0.936,79.872,-0.083,47.0,0.432,0.069,0.0,0.908,51.169,-0.074,87.0,"Herman, Jim",0.566,0.094,0.0,0.906,41.929,0.009,53.0
0.761,0.107,0.0,0.912,23.793,-0.006,159.0,0.643,0.064,0.0,0.918,34.167,-0.029,233.0,0.822,0.123,0.0,0.93,17.071,0.027,57.0,14799,0.294,0.031,0.0,0.929,77.272,-0.07,98.0,0.447,0.069,0.0,0.914,57.211,-0.067,116.0,"Barnes, Erik",0.53,0.056,0.0,0.88,42.353,-0.085,108.0
,,,,,,,0.593,0.068,1.0,0.906,30.448,-0.029,117.0,0.838,0.105,0.0,0.921,15.518,0.028,38.0,14838,,,,,,,,0.46,0.042,0.0,0.958,54.954,-0.006,95.0,"Reed, Patrick",0.564,0.097,0.0,0.968,46.456,-0.016,31.0
0.77,0.055,0.0,0.97,23.339,-0.02,165.0,0.673,0.033,0.0,0.933,33.113,-0.03,180.0,0.896,0.127,0.0,0.982,17.805,0.058,55.0,21237,0.336,0.057,0.0,1.0,62.636,0.044,53.0,0.398,0.026,0.0,0.949,51.831,-0.071,78.0,"Hickok, Kramer",0.484,0.079,0.0,0.968,46.09,-0.03,63.0
0.794,0.064,0.0,0.955,22.811,0.005,156.0,0.686,0.058,0.0,0.913,34.734,-0.031,206.0,0.85,0.062,0.0,0.969,16.413,0.028,64.0,11117,0.354,0.048,0.0,0.976,78.455,-0.017,84.0,0.485,0.038,0.0,0.933,48.008,-0.059,104.0,"Noh, S.Y.",0.607,0.078,0.0,0.956,35.594,0.067,90.0
0.815,0.065,0.0,0.924,22.711,-0.009,170.0,0.619,0.045,0.0,0.932,32.957,-0.031,292.0,0.797,0.043,0.0,0.915,17.601,-0.019,47.0,14016,0.411,0.111,0.0,1.0,52.045,0.098,117.0,0.504,0.074,0.0,0.966,45.364,0.03,148.0,"Campillo, Jorge",0.729,0.067,0.0,0.944,34.854,0.057,90.0
0.806,0.083,0.0,0.95,23.185,0.001,555.0,0.671,0.039,0.0,0.939,34.122,-0.031,857.0,0.879,0.095,0.0,0.93,17.11,-0.005,158.0,15556,0.363,0.063,0.0,0.966,63.328,0.022,350.0,0.458,0.05,0.0,0.953,50.081,-0.011,444.0,"Hughes, Mackenzie",0.581,0.079,0.0,0.927,39.008,0.003,354.0
0.777,0.084,0.0,0.918,22.125,-0.0,523.0,0.636,0.06,0.0,0.929,32.87,-0.032,736.0,0.824,0.071,0.0,0.918,16.631,0.014,170.0,19872,0.332,0.052,0.0,0.941,62.951,-0.007,271.0,0.431,0.049,0.0,0.91,51.369,-0.062,368.0,"Riley, Davis",0.539,0.066,0.0,0.909,40.095,-0.001,317.0
0.68,0.059,0.0,0.877,27.195,-0.09,455.0,0.639,0.061,0.0,0.907,33.48,-0.032,656.0,0.749,0.143,0.0,0.932,18.946,-0.002,147.0,21688,0.298,0.055,0.0,0.937,64.089,-0.018,254.0,0.42,0.058,0.0,0.926,51.623,-0.058,312.0,"Kim, S.H.",0.527,0.064,0.0,0.936,43.66,-0.041,250.0
0.819,0.076,1.0,0.937,23.986,0.018,79.0,0.629,0.056,0.0,0.915,32.856,-0.032,142.0,0.881,0.0,0.0,0.933,20.432,-0.077,30.0,21875,0.325,0.044,0.0,0.971,57.42,0.01,68.0,0.4,0.108,1.0,0.932,49.983,-0.038,74.0,"Widing, Tim",0.521,0.036,0.0,0.964,34.902,0.03,55.0
0.769,0.088,1.0,0.922,25.196,-0.052,102.0,0.629,0.045,1.0,0.933,33.146,-0.032,134.0,0.79,0.045,0.0,0.932,19.012,-0.05,44.0,13404,0.219,0.014,0.0,0.958,67.971,-0.088,72.0,0.492,0.065,1.0,0.935,47.542,-0.002,62.0,"Gligic, Michael",0.536,0.053,0.0,0.947,43.867,-0.015,76.0
0.811,0.077,0.0,0.942,22.223,0.002,504.0,0.659,0.05,0.0,0.92,33.157,-0.034,739.0,0.872,0.101,0.0,0.957,15.298,0.039,138.0,9771,0.319,0.057,0.0,0.965,63.329,-0.005,282.0,0.446,0.042,0.0,0.963,51.349,-0.001,402.0,"Day, Jason",0.594,0.059,0.0,0.945,39.067,0.007,237.0
0.735,0.07,0.0,0.927,24.445,-0.052,355.0,0.651,0.041,0.0,0.908,32.539,-0.034,510.0,0.832,0.113,0.0,0.887,18.839,-0.014,124.0,17032,0.365,0.048,0.0,0.933,60.48,-0.008,210.0,0.457,0.069,0.0,0.94,46.246,-0.018,217.0,"Tosti, Alejandro",0.541,0.053,0.0,0.947,37.352,-0.016,245.0
0.781,0.033,0.0,0.951,24.41,-0.044,183.0,0.628,0.059,0.0,0.933,34.746,-0.034,255.0,0.843,0.045,0.0,0.955,19.442,-0.065,67.0,25771,0.38,0.048,0.0,0.952,65.615,0.013,83.0,0.467,0.078,0.0,0.957,48.412,0.001,116.0,"Furr, Wilson",0.51,0.093,0.0,0.926,38.055,-0.014,108.0
0.771,0.071,0.0,0.946,22.994,-0.011,112.0,0.618,0.03,0.0,0.933,32.897,-0.035,135.0,0.882,0.0,0.0,0.906,17.276,-0.021,32.0,11955,0.311,0.072,0.0,0.913,57.243,0.008,69.0,0.372,0.014,1.0,0.889,56.786,-0.149,72.0,"Frittelli, Dylan",0.476,0.105,0.0,0.882,42.182,-0.031,76.0
0.744,0.036,0.0,0.941,24.455,-0.061,220.0,0.632,0.027,0.0,0.912,32.279,-0.036,296.0,0.841,0.11,0.0,0.945,18.176,0.001,73.0,19208,0.334,0.053,0.0,0.947,61.348,0.003,95.0,0.472,0.034,0.0,0.966,47.028,-0.0,147.0,"Endycott, Harrison",0.56,0.062,0.0,0.875,40.783,-0.028,96.0
0.724,0.018,0.0,0.938,23.694,-0.06,112.0,0.609,0.033,0.0,0.943,34.143,-0.037,212.0,0.925,0.06,0.0,0.96,20.025,-0.004,50.0,21412,0.366,0.056,0.0,0.908,60.461,-0.038,142.0,0.405,0.075,0.0,0.888,55.104,-0.056,107.0,"Capan III, Frankie",0.528,0.039,0.0,0.961,39.954,-0.015,102.0
0.795,0.066,0.0,0.919,24.209,-0.027,528.0,0.658,0.049,0.0,0.916,34.361,-0.038,687.0,0.798,0.086,0.0,0.92,19.225,-0.042,163.0,7960,0.342,0.049,0.0,0.968,60.663,-0.003,283.0,0.539,0.085,0.0,0.959,44.549,0.047,343.0,"List, Luke",0.589,0.062,0.0,0.958,37.627,0.013,289.0
0.693,0.07,0.0,0.849,28.84,-0.106,186.0,0.626,0.06,0.0,0.92,35.253,-0.038,250.0,0.658,0.073,0.0,0.78,23.483,-0.123,41.0,16566,0.357,0.047,0.0,0.976,57.08,-0.005,85.0,0.508,0.04,0.0,0.937,48.135,-0.021,126.0,"Barjon, Paul",0.472,0.048,0.0,0.913,39.304,-0.044,104.0
0.803,0.055,0.0,0.933,23.319,-0.016,563.0,0.655,0.049,0.0,0.921,33.709,-0.039,871.0,0.847,0.075,0.0,0.947,18.341,-0.018,226.0,21944,0.341,0.046,0.0,0.963,56.747,0.013,324.0,0.469,0.053,0.0,0.976,48.744,0.004,450.0,"Moore, Taylor",0.594,0.071,0.0,0.949,40.897,0.011,354.0
0.784,0.082,1.0,0.888,25.004,-0.034,98.0,0.679,0.042,1.0,0.915,31.698,-0.039,118.0,0.822,0.17,0.0,0.943,18.922,-0.024,53.0,22914,,,,,,,,0.466,0.07,1.0,0.887,46.457,-0.016,71.0,"Grant, Brent",0.655,0.023,0.0,0.977,35.458,0.044,44.0
0.788,0.081,0.0,0.923,24.217,-0.02,260.0,0.658,0.029,0.0,0.928,33.469,-0.04,306.0,0.841,0.08,0.0,0.92,18.951,-0.021,88.0,11374,0.366,0.04,0.0,0.941,68.492,-0.029,101.0,0.426,0.053,0.0,0.9,54.046,-0.099,150.0,"Hahn, James",0.6,0.062,0.0,0.884,42.379,-0.026,112.0
0.768,0.08,0.0,0.914,23.953,-0.016,325.0,0.623,0.055,0.0,0.918,34.15,-0.04,451.0,0.845,0.059,0.0,0.941,20.204,-0.038,101.0,14002,0.403,0.062,0.0,0.967,60.632,0.016,210.0,0.377,0.062,0.0,0.916,52.895,-0.072,225.0,"Alexander, Tyson",0.589,0.091,0.0,0.919,39.712,0.003,197.0
0.74,0.056,0.0,0.918,23.587,-0.032,195.0,0.648,0.033,0.0,0.923,34.457,-0.04,273.0,0.848,0.078,0.0,0.935,16.017,-0.007,77.0,18579,0.351,0.011,0.0,0.888,68.952,-0.089,89.0,0.369,0.053,0.0,0.887,52.035,-0.091,133.0,"Cook, Austin",0.533,0.084,0.0,0.94,39.975,-0.017,83.0
0.756,0.078,0.0,0.91,22.579,-0.001,268.0,0.65,0.039,0.0,0.938,34.03,-0.04,337.0,0.803,0.0,0.0,0.925,17.448,-0.064,80.0,22002,0.339,0.041,0.0,0.939,71.075,-0.042,147.0,0.471,0.037,0.0,0.957,50.875,-0.042,161.0,"Dumont De Chassart, Adrien",0.534,0.064,0.0,0.936,40.206,-0.019,141.0
0.794,0.052,1.0,0.948,23.048,-0.01,96.0,0.65,0.083,0.0,0.898,34.5,-0.04,157.0,0.984,0.08,1.0,1.0,15.704,0.05,25.0,22087,0.251,0.03,0.0,0.925,65.434,-0.101,67.0,0.48,0.014,1.0,0.958,46.476,-0.043,71.0,"Paul, Jeremy",0.583,0.063,0.0,0.968,36.891,0.056,63.0
0.749,0.025,0.0,0.894,28.439,-0.086,282.0,0.649,0.039,0.0,0.924,34.534,-0.041,437.0,0.861,0.071,0.0,0.965,18.47,-0.029,113.0,13127,0.344,0.042,0.0,0.979,61.386,0.011,144.0,0.461,0.06,0.0,0.917,50.16,-0.015,218.0,"Tway, Kevin",0.572,0.072,0.0,0.928,42.8,-0.012,223.0
0.772,0.078,0.0,0.926,22.382,0.003,578.0,0.638,0.052,0.0,0.91,34.664,-0.042,889.0,0.898,0.093,0.0,0.964,15.033,0.06,193.0,12425,0.336,0.049,0.0,0.972,63.744,0.013,246.0,0.452,0.062,0.0,0.931,51.809,-0.018,403.0,"Todd, Brendon",0.59,0.049,0.0,0.946,38.541,-0.021,204.0
0.737,0.077,0.0,0.895,25.107,-0.027,143.0,0.634,0.033,0.0,0.934,32.327,-0.042,244.0,0.823,0.057,0.0,0.943,18.114,-0.012,53.0,18105,0.378,0.087,0.0,0.975,43.672,0.056,80.0,0.459,0.061,0.0,0.931,48.782,-0.01,131.0,"Lawrence, Thriston",0.545,0.089,0.0,0.899,38.843,0.003,79.0
0.848,0.036,0.0,0.95,21.99,0.011,139.0,0.678,0.047,0.0,0.926,33.011,-0.042,149.0,0.887,0.13,0.0,0.963,16.767,0.052,54.0,24481,,,,,,,,0.386,0.041,1.0,0.932,60.896,-0.055,73.0,"Redman, Doc",0.629,0.0,0.0,0.904,44.658,-0.026,52.0
0.786,0.056,0.0,0.944,24.664,-0.033,179.0,0.62,0.049,0.0,0.92,33.665,-0.043,264.0,0.845,0.052,0.0,0.935,17.738,-0.043,77.0,26850,0.322,0.063,0.0,0.952,66.759,-0.02,126.0,0.432,0.038,0.0,0.923,51.317,-0.023,130.0,"Svensson, Jesper",0.519,0.082,0.0,0.885,39.977,-0.044,122.0
0.794,0.077,0.0,0.94,22.449,0.0,117.0,0.635,0.039,0.0,0.955,32.896,-0.043,178.0,0.852,0.083,0.0,0.972,18.834,-0.021,36.0,27420,0.328,0.054,0.0,0.946,66.144,-0.024,93.0,0.438,0.087,0.0,0.935,49.467,-0.014,92.0,"Dickson, Taylor",0.607,0.031,0.0,0.953,42.102,-0.014,64.0
0.843,0.081,0.0,0.955,21.375,0.037,111.0,0.618,0.054,1.0,0.915,34.352,-0.044,130.0,0.691,0.167,1.0,0.792,20.087,-0.036,24.0,13022,,,,,,,,0.418,0.033,1.0,0.883,57.721,-0.051,60.0,"Stuard, Brian",0.457,0.05,0.0,0.925,45.095,-0.035,40.0
0.767,0.066,0.0,0.908,25.076,-0.033,272.0,0.625,0.043,0.0,0.922,33.666,-0.046,437.0,0.848,0.126,0.0,0.95,16.262,0.054,119.0,21995,0.406,0.082,0.0,0.945,61.133,0.036,146.0,0.467,0.061,0.0,0.934,49.744,-0.016,212.0,"Springer, Hayden",0.552,0.029,0.0,0.919,42.35,-0.041,210.0
,,,,,,,0.643,0.093,1.0,0.897,33.758,-0.046,97.0,0.842,0.103,1.0,0.966,17.856,0.027,29.0,28984,0.331,0.045,1.0,0.932,83.949,-0.038,44.0,0.445,0.015,1.0,0.971,47.985,0.004,68.0,"Puig, David",0.494,0.049,0.0,0.927,40.696,-0.078,41.0
0.806,0.058,1.0,0.977,23.946,0.025,86.0,0.598,0.0,1.0,0.965,34.562,-0.046,114.0,,,,,,,,30892,0.293,0.065,0.0,0.952,61.476,-0.042,62.0,0.557,0.071,1.0,0.929,47.703,0.027,56.0,"Riedel, Matthew",0.636,0.042,0.0,0.958,36.525,-0.024,48.0
0.801,0.051,0.0,0.939,23.363,-0.009,392.0,0.64,0.052,0.0,0.907,34.096,-0.048,599.0,0.841,0.074,0.0,0.951,17.823,0.024,122.0,8820,0.34,0.059,0.0,0.95,70.582,-0.038,202.0,0.406,0.043,0.0,0.933,57.7,-0.074,282.0,"Snedeker, Brandt",0.53,0.05,0.0,0.961,39.339,-0.013,180.0
0.744,0.043,1.0,0.946,24.295,-0.04,92.0,0.56,0.048,0.0,0.917,32.584,-0.048,168.0,0.829,0.029,0.0,0.882,22.152,-0.157,34.0,25263,0.277,0.085,0.0,0.881,60.727,-0.035,59.0,0.534,0.087,1.0,0.913,46.85,-0.023,69.0,"Onishi, Kaito",0.461,0.065,0.0,0.891,46.059,-0.098,46.0
0.729,0.098,0.0,0.894,25.832,-0.052,123.0,0.631,0.052,0.0,0.929,35.305,-0.049,155.0,0.94,0.098,0.0,0.976,19.869,-0.019,41.0,7900,0.321,0.015,0.0,0.956,64.18,-0.042,68.0,0.482,0.065,1.0,0.961,45.16,-0.012,77.0,"Haas, Bill",0.721,0.06,0.0,0.952,36.91,0.06,84.0
0.755,0.052,0.0,0.914,24.957,-0.039,269.0,0.622,0.056,0.0,0.93,35.02,-0.049,342.0,0.825,0.107,0.0,0.94,18.986,-0.037,84.0,14140,0.321,0.038,0.0,0.938,65.935,-0.032,130.0,0.483,0.045,0.0,0.948,50.182,-0.018,154.0,"Higgs, Harry",0.477,0.048,0.0,0.904,43.12,-0.052,187.0
0.824,0.057,0.0,0.957,23.089,0.002,140.0,0.647,0.04,0.0,0.897,34.565,-0.049,174.0,0.878,0.075,0.0,0.962,15.853,0.036,53.0,15016,0.354,0.065,1.0,0.978,57.149,0.054,46.0,0.356,0.035,0.0,0.895,57.459,-0.144,86.0,"Schwab, Matthias",0.624,0.065,0.0,0.957,35.828,0.004,93.0
,,,,,,,0.628,0.008,1.0,0.92,37.74,-0.05,125.0,0.846,0.0,1.0,0.955,18.448,-0.067,22.0,23502,0.232,0.0,1.0,0.933,74.206,-0.094,45.0,,,,,,,,"Thornberry, Braden",0.672,0.036,0.0,0.909,40.256,-0.03,55.0
0.781,0.083,0.0,0.925,23.175,-0.039,133.0,0.621,0.032,0.0,0.936,33.696,-0.051,218.0,0.838,0.021,0.0,0.915,18.05,-0.022,47.0,24354,0.325,0.065,0.0,0.957,69.909,-0.013,92.0,0.479,0.05,0.0,0.93,48.619,-0.028,100.0,"Xiong, Norman",0.603,0.073,0.0,0.939,37.895,0.015,82.0
,,,,,,,0.597,0.043,0.0,0.925,36.187,-0.053,161.0,0.904,0.0,1.0,1.0,15.441,0.055,28.0,16341,0.201,0.026,1.0,0.947,62.619,-0.113,38.0,0.354,0.057,1.0,0.957,51.143,-0.038,70.0,"Peterson, Paul",0.602,0.1,0.0,0.933,36.36,-0.008,30.0
0.75,0.065,1.0,0.935,22.958,-0.048,93.0,0.592,0.049,0.0,0.933,34.782,-0.053,163.0,0.69,0.077,0.0,0.769,19.219,-0.12,39.0,14815,,,,,,,,0.365,0.031,1.0,0.923,47.112,-0.089,65.0,"Lingmerth, David",0.448,0.0,0.0,0.941,41.385,-0.034,34.0
0.74,0.017,0.0,0.92,23.88,-0.062,176.0,0.606,0.052,0.0,0.919,34.683,-0.054,210.0,0.833,0.09,0.0,0.94,16.515,0.021,67.0,7293,0.317,0.067,0.0,0.955,61.19,0.018,89.0,0.546,0.047,0.0,0.953,45.314,0.039,107.0,"Walker, Jimmy",0.573,0.052,0.0,0.963,39.236,-0.003,134.0
0.747,0.04,1.0,0.921,25.808,-0.072,101.0,0.627,0.039,1.0,0.921,36.072,-0.055,127.0,0.804,0.028,0.0,0.861,24.55,-0.165,36.0,10877,,,,,,,,0.454,0.015,1.0,0.985,49.373,-0.014,65.0,"Goya, Estanislao",0.597,0.083,0.0,0.9,38.694,0.026,60.0
0.819,0.108,0.0,0.904,22.884,0.024,157.0,0.583,0.051,0.0,0.913,33.752,-0.056,196.0,0.875,0.091,0.0,0.964,17.116,-0.016,55.0,7305,0.238,0.024,0.0,1.0,73.918,-0.078,83.0,0.483,0.051,0.0,0.918,51.317,-0.063,98.0,"Gutschewski, Scott",0.528,0.101,0.0,0.942,37.667,0.011,69.0
0.769,0.112,1.0,0.916,23.819,0.007,107.0,0.604,0.038,0.0,0.934,33.691,-0.057,183.0,0.76,0.03,0.0,0.939,21.104,-0.102,33.0,31212,0.397,0.123,0.0,0.945,62.356,0.034,73.0,0.354,0.036,0.0,0.905,60.104,-0.106,84.0,"Chandler, Will",0.566,0.053,0.0,0.934,40.65,-0.026,76.0
,,,,,,,0.591,0.051,1.0,0.97,34.474,-0.057,99.0,,,,,,,,5321,,,,,,,,,,,,,,,"Woods, Tiger",,,,,,,
0.782,0.073,0.0,0.943,21.005,0.021,369.0,0.592,0.059,0.0,0.919,35.307,-0.059,492.0,0.844,0.069,0.0,0.914,18.009,0.001,116.0,25442,0.324,0.026,0.0,0.933,70.835,-0.045,268.0,0.416,0.063,0.0,0.941,51.656,-0.046,237.0,"Montgomery, Taylor",0.561,0.049,0.0,0.917,37.25,0.006,206.0
0.743,0.044,0.0,0.908,25.974,-0.073,206.0,0.62,0.067,0.0,0.926,36.0,-0.06,312.0,0.794,0.052,0.0,0.918,20.23,-0.066,97.0,15634,0.31,0.037,0.0,0.991,66.315,-0.01,107.0,0.426,0.036,0.0,0.891,55.35,-0.099,138.0,"Trainer, Martin",0.563,0.039,0.0,0.933,41.883,-0.006,179.0
0.756,0.071,1.0,0.918,25.957,-0.036,85.0,0.638,0.029,0.0,0.912,36.395,-0.06,136.0,0.898,0.028,0.0,0.972,17.927,0.001,36.0,21235,0.413,0.061,0.0,0.985,54.19,0.052,66.0,0.43,0.048,1.0,0.873,55.377,-0.076,63.0,"Albertson, Anders",0.527,0.063,0.0,0.937,39.225,-0.007,63.0
0.769,0.051,0.0,0.949,24.512,-0.035,254.0,0.612,0.038,0.0,0.913,36.346,-0.061,345.0,0.821,0.034,0.0,0.909,21.434,-0.115,88.0,10423,0.392,0.051,0.0,0.949,59.731,0.003,157.0,0.51,0.006,0.0,0.957,46.494,-0.011,163.0,"Brehm, Ryan",0.586,0.045,0.0,0.938,39.994,-0.009,177.0
0.809,0.136,0.0,0.945,22.167,0.033,110.0,0.648,0.034,0.0,0.91,34.565,-0.063,177.0,0.891,0.031,0.0,0.969,18.324,-0.058,32.0,15676,0.389,0.092,0.0,0.954,59.237,0.047,65.0,0.584,0.041,1.0,1.0,41.325,0.084,73.0,"Norgaard, Niklas",0.549,0.062,0.0,0.925,37.4,-0.002,80.0
,,,,,,,0.607,0.0,1.0,0.925,34.937,-0.064,120.0,,,,,,,,27762,0.32,0.089,1.0,0.933,76.44,-0.097,45.0,,,,,,,,"Velo, Kevin",0.565,0.121,0.0,0.97,36.566,0.045,33.0
0.769,0.072,0.0,0.899,23.388,-0.027,139.0,0.584,0.054,0.0,0.94,34.367,-0.064,168.0,0.819,0.049,0.0,0.951,18.39,-0.04,61.0,16039,0.318,0.0,0.0,0.981,70.145,-0.005,53.0,0.472,0.054,0.0,0.978,44.508,0.049,92.0,"Haley II, Paul",0.507,0.048,0.0,0.919,38.249,-0.061,62.0
,,,,,,,0.638,0.041,1.0,0.888,36.561,-0.066,98.0,0.644,0.0,1.0,0.864,21.989,-0.183,22.0,22981,0.264,0.021,1.0,0.854,66.581,-0.172,48.0,0.561,0.1,1.0,0.917,41.415,0.064,60.0,"Matthews, Brandon",0.6,0.076,0.0,0.985,37.243,0.062,66.0
0.797,0.047,1.0,0.934,25.491,-0.06,106.0,0.614,0.021,0.0,0.923,33.966,-0.067,143.0,0.845,0.038,0.0,0.923,18.489,-0.068,52.0,23599,0.349,0.083,0.0,0.931,65.289,0.003,72.0,0.464,0.039,1.0,0.987,51.099,-0.037,76.0,"Westmoreland, Kyle",0.506,0.058,0.0,0.901,47.079,-0.047,121.0
0.793,0.059,0.0,0.952,23.546,-0.008,269.0,0.616,0.03,0.0,0.919,36.154,-0.068,492.0,0.878,0.052,0.0,0.969,17.92,-0.007,96.0,11328,0.29,0.026,0.0,0.948,69.884,-0.046,155.0,0.414,0.021,0.0,0.911,60.074,-0.102,190.0,"Kisner, Kevin",0.577,0.049,0.0,0.965,40.168,-0.024,142.0
0.767,0.062,0.0,0.92,23.009,-0.018,226.0,0.61,0.047,0.0,0.901,35.998,-0.068,253.0,0.831,0.047,0.0,0.906,19.198,-0.026,64.0,17508,0.402,0.031,0.0,0.954,69.232,-0.023,65.0,0.395,0.041,0.0,0.886,58.844,-0.104,123.0,"Gribble, Cody",0.609,0.049,0.0,0.951,38.682,0.026,143.0
0.764,0.074,0.0,0.926,22.846,0.006,121.0,0.622,0.054,0.0,0.909,35.097,-0.072,186.0,0.887,0.085,0.0,0.957,15.998,0.013,47.0,6931,0.328,0.031,0.0,0.969,63.709,-0.005,65.0,0.467,0.026,1.0,0.922,51.927,-0.064,77.0,"Byrd, Jonathan",0.605,0.078,0.0,0.938,41.448,0.045,64.0
,,,,,,,0.545,0.067,1.0,0.886,34.039,-0.08,105.0,0.848,0.102,0.0,0.898,19.319,-0.03,49.0,7959,0.316,0.036,0.0,0.982,68.54,-0.047,56.0,,,,,,,,"Holmes, J.B.",0.512,0.037,0.0,0.926,38.474,-0.053,54.0
0.757,0.032,0.0,0.924,24.988,-0.06,344.0,0.587,0.037,0.0,0.897,35.65,-0.084,427.0,0.781,0.097,0.0,0.929,19.605,-0.038,113.0,7820,0.347,0.014,0.0,0.951,70.086,-0.041,143.0,0.392,0.053,0.0,0.909,48.163,-0.047,209.0,"Palmer, Ryan",0.549,0.074,0.0,0.951,36.842,0.006,162.0
0.716,0.035,0.0,0.895,25.957,-0.082,143.0,0.544,0.039,0.0,0.895,35.984,-0.086,181.0,0.822,0.071,0.0,0.905,20.93,-0.064,42.0,19620,0.281,0.037,0.0,0.976,59.058,-0.015,82.0,0.396,0.075,0.0,0.946,50.066,-0.041,93.0,"Pereda, Raul",0.484,0.026,0.0,0.921,43.673,-0.078,76.0
,,,,,,,0.635,0.019,1.0,0.895,38.844,-0.088,105.0,,,,,,,,25614,,,,,,,,0.4,0.016,1.0,0.934,58.201,-0.084,61.0,"Biondi, Fred",0.464,0.128,0.0,0.923,43.168,-0.029,39.0
,,,,,,,0.58,0.0,1.0,0.951,36.716,-0.093,103.0,,,,,,,,29195,,,,,,,,0.387,0.016,1.0,0.903,52.646,-0.073,62.0,"De La Fuente, Santiago",0.556,0.043,1.0,0.957,33.621,-0.056,23.0
0.735,0.045,1.0,0.933,24.733,-0.053,89.0,0.521,0.039,0.0,0.884,37.058,-0.101,155.0,0.865,0.04,1.0,1.0,15.609,0.008,25.0,23540,0.324,0.074,0.0,0.926,64.691,0.014,68.0,0.437,0.045,1.0,0.955,52.779,-0.03,67.0,"Andersen, Mason",0.596,0.046,0.0,0.954,40.418,-0.026,65.0
0.778,0.052,0.0,0.921,23.923,-0.014,191.0,0.53,0.035,0.0,0.882,37.289,-0.117,254.0,0.81,0.077,0.0,0.923,18.969,-0.012,52.0,19364,0.268,0.035,0.0,0.953,66.183,-0.053,85.0,0.446,0.049,0.0,0.912,49.626,-0.037,102.0,"Werenski, Richy",0.536,0.065,0.0,0.946,38.935,0.002,92.0
0.769,0.12,0.0,0.968,20.434,0.061,158.0,0.61,0.016,0.0,0.888,36.469,-0.119,187.0,0.74,0.117,0.0,0.883,19.351,-0.063,60.0,14000,0.275,0.021,1.0,0.979,65.509,-0.066,48.0,0.384,0.022,0.0,0.921,52.553,-0.064,89.0,"Landry, Andrew",0.632,0.067,0.0,0.921,37.62,0.035,89.0
0.683,0.038,1.0,0.873,26.322,-0.055,79.0,0.645,0.018,1.0,0.885,35.369,-0.136,113.0,0.882,0.091,0.0,0.939,19.55,-0.009,33.0,16796,,,,,,,,,,,,,,,"Nunez, Augusto",0.527,0.038,0.0,0.83,48.017,-0.084,53.0
,,,,,,,,,,,,,,0.759,0.048,1.0,0.81,20.109,-0.112,21.0,3349,,,,,,,,,,,,,,,"Johnson, Tom",0.497,0.038,1.0,0.962,37.263,-0.027,26.0
,,,,,,,,,,,,,,0.89,0.0,0.0,0.968,13.479,0.018,31.0,5513,,,,,,,,,,,,,,,"Weir, Mike",,,,,,,
,,,,,,,,,,,,,,,,,,,,,5689,,,,,,,,0.357,0.043,1.0,0.957,46.958,-0.029,69.0,"Garcia, Sergio",,,,,,,
,,,,,,,,,,,,,,,,,,,,,6950,0.393,0.024,1.0,0.951,51.645,0.041,41.0,,,,,,,,"Siem, Marcel",0.615,0.136,1.0,0.909,32.712,0.038,22.0
,,,,,,,,,,,,,,,,,,,,,8117,,,,,,,,0.474,0.083,1.0,0.967,39.9,0.053,60.0,"Kaymer, Martin",,,,,,,
,,,,,,,,,,,,,,0.862,0.143,1.0,0.964,15.174,0.131,28.0,10081,,,,,,,,,,,,,,,"Bae, Sangmoon",0.532,0.056,0.0,0.917,39.676,-0.019,36.0
,,,,,,,,,,,,,,,,,,,,,12321,,,,,,,,,,,,,,,"Aphibarnrat, Kiradech",0.635,0.042,1.0,1.0,27.75,0.124,24.0
,,,,,,,,,,,,,,0.837,0.167,1.0,0.917,18.384,-0.002,24.0,12333,,,,,,,,,,,,,,,"Block, Michael",0.513,0.061,0.0,1.0,38.542,0.025,33.0
,,,,,,,,,,,,,,0.754,0.08,1.0,0.92,19.373,-0.055,25.0,12426,0.374,0.0,1.0,0.897,57.45,-0.058,39.0,,,,,,,,"Waring, Paul",0.472,0.111,1.0,0.963,37.549,-0.037,27.0
,,,,,,,,,,,,,,,,,,,,,14424,0.367,0.0,1.0,1.0,41.32,0.067,39.0,,,,,,,,"Burmester, Dean",0.785,0.077,1.0,0.962,30.121,0.115,26.0
,,,,,,,,,,,,,,0.919,0.042,1.0,1.0,16.927,-0.047,24.0,14795,,,,,,,,,,,,,,,"Canter, Laurie",0.599,0.115,1.0,0.962,30.351,0.092,26.0
,,,,,,,,,,,,,,0.871,0.0,1.0,0.96,20.481,-0.075,25.0,18238,,,,,,,,0.476,0.068,1.0,0.915,48.572,0.007,59.0,"Ancer, Abraham",,,,,,,
,,,,,,,,,,,,,,,,,,,,,20766,,,,,,,,,,,,,,,"Brown, Daniel",0.587,0.037,1.0,0.889,38.497,0.014,27.0
,,,,,,,,,,,,,,,,,,,,,23610,,,,,,,,,,,,,,,"Crocker, Sean",0.6,0.045,1.0,0.864,35.226,-0.038,22.0
,,,,,,,,,,,,,,,,,,,,,24127,,,,,,,,,,,,,,,"Hidalgo, Angel",0.611,0.04,1.0,0.84,43.805,-0.055,25.0
,,,,,,,,,,,,,,,,,,,,,24303,,,,,,,,,,,,,,,"Reiter, Charles",0.344,0.1,0.0,0.967,48.082,-0.123,30.0
,,,,,,,,,,,,,,0.632,0.0,1.0,0.818,26.144,-0.227,22.0,24343,,,,,,,,,,,,,,,"Lamprecht, Christo",0.488,0.047,0.0,0.93,36.795,-0.057,43.0
,,,,,,,,,,,,,,,,,,,,,24962,,,,,,,,,,,,,,,"Docherty, Alistair",0.502,0.0,1.0,0.962,35.8,0.002,26.0
,,,,,,,,,,,,,,,,,,,,,28630,,,,,,,,,,,,,,,"Hall, Ryan",0.517,0.0,1.0,0.96,39.928,-0.028,25.0
,,,,,,,,,,,,,,0.804,0.115,1.0,0.962,18.83,-0.002,26.0,29827,,,,,,,,,,,,,,,"James, Ben",0.656,0.161,0.0,0.935,36.209,0.103,31.0
,,,,,,,,,,,,,,,,,,,,,31027,,,,,,,,,,,,,,,"Shattuck, Braden",0.42,0.054,0.0,0.865,42.642,-0.189,37.0
,,,,,,,,,,,,,,,,,,,,,5625,,,,,,,,,,,,,,,"Chalmers, Greg",0.579,0.025,0.0,0.9,41.106,-0.087,40.0
,,,,,,,,,,,,,,,,,,,,,5698,,,,,,,,,,,,,,,"Ogilvy, Geoff",0.586,0.094,0.0,0.969,35.505,0.037,32.0
,,,,,,,,,,,,,,0.759,0.086,0.0,0.886,14.658,0.029,35.0,5951,,,,,,,,,,,,,,,"Gay, Brian",0.607,0.095,0.0,0.905,39.8,0.028,42.0
,,,,,,,,,,,,,,,,,,,,,6674,,,,,,,,,,,,,,,"Crane, Ben",0.503,0.028,0.0,0.806,45.972,-0.092,36.0
,,,,,,,,,,,,,,,,,,,,,6846,0.377,0.05,1.0,0.975,63.726,0.079,40.0,,,,,,,,"Barnes, Ricky",0.528,0.0,1.0,0.964,35.174,0.014,28.0
,,,,,,,,,,,,,,,,,,,,,7236,,,,,,,,,,,,,,,"Trahan, D.J.",0.511,0.034,1.0,0.897,33.706,-0.028,29.0
,,,,,,,,,,,,,,,,,,,,,7340,,,,,,,,,,,,,,,"Hearn, David",0.43,0.045,1.0,0.864,41.133,-0.009,22.0
,,,,,,,,,,,,,,,,,,,,,8182,,,,,,,,,,,,,,,"Blixt, Jonas",0.407,0.031,0.0,0.906,38.063,-0.039,32.0
,,,,,,,,,,,,,,0.787,0.167,1.0,0.875,16.789,-0.016,24.0,8769,,,,,,,,,,,,,,,"Potter Jr, Ted",0.606,0.103,1.0,0.931,35.536,0.093,29.0
,,,,,,,,,,,,,,,,,,,,,9195,,,,,,,,,,,,,,,"Lamely, Derek",0.605,0.077,1.0,0.962,37.038,0.069,26.0
0.762,0.049,1.0,0.938,23.722,-0.023,81.0,,,,,,,,0.794,0.062,0.0,0.812,21.641,-0.065,32.0,9604,,,,,,,,,,,,,,,"Stroud, Chris",0.561,0.043,0.0,0.915,44.092,-0.027,47.0
,,,,,,,,,,,,,,,,,,,,,11329,,,,,,,,,,,,,,,"Reifers, Kyle",0.657,0.091,1.0,0.909,39.097,0.068,22.0
,,,,,,,,,,,,,,,,,,,,,11330,,,,,,,,,,,,,,,"Brown, Scott",0.719,0.0,1.0,0.931,35.704,0.042,29.0
,,,,,,,,,,,,,,,,,,,,,12069,,,,,,,,,,,,,,,"Stanley, Kyle",0.538,0.0,1.0,1.0,37.478,-0.047,24.0
,,,,,,,,,,,,,,,,,,,,,12821,,,,,,,,,,,,,,,"De Jager, Louis",0.481,0.095,1.0,0.905,36.766,0.063,21.0
,,,,,,,,,,,,,,,,,,,,,15596,,,,,,,,,,,,,,,"Cockerill, Aaron",0.487,0.115,1.0,0.885,41.963,0.032,26.0
,,,,,,,,,,,,,,,,,,,,,16652,,,,,,,,,,,,,,,"Langasque, Romain",0.607,0.067,0.0,0.833,31.992,0.002,30.0
,,,,,,,,,,,,,,,,,,,,,16711,,,,,,,,,,,,,,,"Ernst, Derek",0.488,0.027,0.0,0.946,40.677,-0.04,37.0
,,,,,,,,,,,,,,,,,,,,,19360,,,,,,,,,,,,,,,"Atkins, Matt",0.695,0.136,1.0,0.955,35.289,0.041,22.0
,,,,,,,,,,,,,,,,,,,,,19681,,,,,,,,,,,,,,,"Semikawa, Taiga",0.583,0.059,0.0,0.941,36.207,-0.02,34.0
,,,,,,,,,,,,,,,,,,,,,22259,,,,,,,,,,,,,,,"Del Rey, Alejandro",0.628,0.0,1.0,0.962,40.182,-0.004,26.0
,,,,,,,,,,,,,,,,,,,,,25334,,,,,,,,,,,,,,,"Johnson, Chase",0.429,0.045,1.0,0.909,43.641,-0.056,22.0
,,,,,,,,,,,,,,,,,,,,,26746,,,,,,,,,,,,,,,"Summerhays, Preston",0.565,0.103,1.0,0.966,41.584,0.044,29.0
0.711,0.098,1.0,0.866,25.741,-0.067,82.0,,,,,,,,0.841,0.054,0.0,0.973,16.726,0.005,37.0,28558,0.316,0.053,1.0,0.895,69.927,-0.095,38.0,,,,,,,,"Werbylo, Trevor",0.514,0.062,0.0,0.938,41.828,-0.029,48.0
,,,,,,,,,,,,,,,,,,,,,29769,,,,,,,,,,,,,,,"Moldovan, Maxwell",0.619,0.091,1.0,0.955,37.464,0.033,22.0
,,,,,,,,,,,,,,0.92,0.125,0.0,0.969,14.319,0.054,32.0,30814,,,,,,,,,,,,,,,"Sargent, Gordon",0.602,0.03,0.0,0.879,42.755,0.005,33.0
,,,,,,,,,,,,,,,,,,,,,31192,,,,,,,,,,,,,,,"Steelman, Ross",0.698,0.115,1.0,0.885,41.009,0.033,26.0
