datagolf_rank,dg_id,dg_skill_estimate,owgr_rank,primary_tour,last_updated
1,18417,2.95390564902094,1,PGA,2025-05-26 12:01:06 UTC
2,10091,2.14000813878513,2,PGA,2025-05-26 12:01:06 UTC
3,19841,2.03780732372075,10,LIV,2025-05-26 12:01:06 UTC
4,19195,1.98762988844619,74,LIV,2025-05-26 12:01:06 UTC
5,14139,1.78044153723811,5,PGA,2025-05-26 12:01:06 UTC
6,12294,1.66453302555569,12,PGA,2025-05-26 12:01:06 UTC
7,19895,1.65015734726811,3,PGA,2025-05-26 12:01:06 UTC
8,22085,1.62371093920741,4,PGA,2025-05-26 12:01:06 UTC
9,18079,1.61903779774676,77,LIV,2025-05-26 12:01:06 UTC
10,17576,1.49859370786923,20,PGA,2025-05-26 12:01:06 UTC
11,13900,1.41548376510545,14,PGA,2025-05-26 12:01:06 UTC
12,15466,1.39989756277821,15,PGA,2025-05-26 12:01:06 UTC
13,17511,1.39357461300022,9,PGA,2025-05-26 12:01:06 UTC
14,14796,1.30715838373875,23,LIV,2025-05-26 12:01:06 UTC
15,13562,1.30080941674103,7,PGA,2025-05-26 12:01:06 UTC
16,14578,1.25303549730862,8,PGA,2025-05-26 12:01:06 UTC
17,17606,1.20954809075486,28,PGA,2025-05-26 12:01:06 UTC
18,13872,1.20809144121895,18,PGA,2025-05-26 12:01:06 UTC
19,19870,1.15805958138209,42,PGA,2025-05-26 12:01:06 UTC
20,17536,1.14592275291836,25,PGA,2025-05-26 12:01:06 UTC
21,14609,1.14340161913211,59,PGA,2025-05-26 12:01:06 UTC
22,24968,1.11592669095902,24,PGA,2025-05-26 12:01:06 UTC
23,19483,1.09848340940063,34,PGA,2025-05-26 12:01:06 UTC
24,18841,1.07665954229119,13,PGA,2025-05-26 12:01:06 UTC
25,21554,1.06199073588745,36,PGA,2025-05-26 12:01:06 UTC
26,18554,1.04365291903666,30,PGA,2025-05-26 12:01:06 UTC
27,23950,1.02131636332608,6,PGA,2025-05-26 12:01:06 UTC
28,23323,1.00836131077302,19,PGA,2025-05-26 12:01:06 UTC
29,14636,0.968921497100818,51,PGA,2025-05-26 12:01:06 UTC
30,14577,0.953541021792816,16,PGA,2025-05-26 12:01:06 UTC
31,27194,0.942133585282496,85,PGA,2025-05-26 12:01:06 UTC
32,10419,0.941902148841645,72,PGA,2025-05-26 12:01:06 UTC
33,11676,0.932707928725669,37,PGA,2025-05-26 12:01:06 UTC
34,14838,0.931256941170522,55,LIV,2025-05-26 12:01:06 UTC
35,17488,0.930231896198746,21,PGA,2025-05-26 12:01:06 UTC
36,23475,0.926701076005146,33,PGA,2025-05-26 12:01:06 UTC
37,17064,0.901198798568844,171,LIV,2025-05-26 12:01:06 UTC
38,9771,0.884483012817148,38,PGA,2025-05-26 12:01:06 UTC
39,18634,0.868276948163124,11,PGA,2025-05-26 12:01:06 UTC
40,17543,0.850862391898273,53,PGA,2025-05-26 12:01:06 UTC
41,17365,0.846067756629423,91,PGA,2025-05-26 12:01:06 UTC
42,26096,0.844760533499688,31,PGA,2025-05-26 12:01:06 UTC
43,17780,0.822404449709279,39,PGA,2025-05-26 12:01:06 UTC
44,23465,0.774044104261749,46,PGA,2025-05-26 12:01:06 UTC
45,13412,0.772170886256367,81,PGA,2025-05-26 12:01:06 UTC
46,14735,0.768853088456858,230,LIV,2025-05-26 12:01:06 UTC
47,7399,0.766236930399136,40,PGA,2025-05-26 12:01:06 UTC
48,6430,0.759850138495311,41,PGA,2025-05-26 12:01:06 UTC
49,23841,0.759835080462294,92,EURO,2025-05-26 12:01:06 UTC
50,8825,0.749666944117911,27,PGA,2025-05-26 12:01:06 UTC
51,21756,0.729485806290843,68,PGA,2025-05-26 12:01:06 UTC
52,14502,0.724708737390178,57,PGA,2025-05-26 12:01:06 UTC
53,16841,0.70541626564932,29,PGA,2025-05-26 12:01:06 UTC
54,25569,0.697632420462028,63,PGA,2025-05-26 12:01:06 UTC
55,29767,0.684925148629769,75,PGA,2025-05-26 12:01:06 UTC
56,17646,0.684847561693896,79,PGA,2025-05-26 12:01:06 UTC
57,11276,0.681574706138136,26,PGA,2025-05-26 12:01:06 UTC
58,28984,0.662342865354283,113,LIV,2025-05-26 12:01:06 UTC
59,27364,0.656962752214811,56,PGA,2025-05-26 12:01:06 UTC
60,20770,0.646119338614997,501,LIV,2025-05-26 12:01:06 UTC
61,15556,0.637461948780506,49,PGA,2025-05-26 12:01:06 UTC
62,16394,0.627248419856835,47,PGA,2025-05-26 12:01:06 UTC
63,15856,0.611933016418892,163,LIV,2025-05-26 12:01:06 UTC
64,23604,0.593609074550695,22,PGA,2025-05-26 12:01:06 UTC
65,18474,0.590833845451209,114,PGA,2025-05-26 12:01:06 UTC
66,32330,0.588407072393511,112,AM,2025-05-26 12:01:06 UTC
67,22760,0.583774521957893,86,PGA,2025-05-26 12:01:06 UTC
68,18103,0.568778884743807,65,PGA,2025-05-26 12:01:06 UTC
69,21944,0.568513603596022,93,PGA,2025-05-26 12:01:06 UTC
70,5689,0.564650141982956,412,LIV,2025-05-26 12:01:06 UTC
71,20706,0.547608554389458,89,PGA,2025-05-26 12:01:06 UTC
72,29433,0.533870471405674,66,PGA,2025-05-26 12:01:06 UTC
73,18586,0.527010824735829,105,EURO,2025-05-26 12:01:06 UTC
74,21891,0.516671808417876,99,PGA,2025-05-26 12:01:06 UTC
75,13126,0.51341411821083,43,PGA,2025-05-26 12:01:06 UTC
76,32457,0.503727874367762,83,KFT,2025-05-26 12:01:06 UTC
77,15575,0.502479004857786,48,PGA,2025-05-26 12:01:06 UTC
78,16283,0.498377967088302,82,PGA,2025-05-26 12:01:06 UTC
79,12577,0.489841714412938,95,PGA,2025-05-26 12:01:06 UTC
80,25908,0.48733026568649,128,PGA,2025-05-26 12:01:06 UTC
81,14459,0.484057748848094,44,PGA,2025-05-26 12:01:06 UTC
82,14424,0.483056558642408,182,LIV,2025-05-26 12:01:06 UTC
83,20722,0.48215155429119,76,PGA,2025-05-26 12:01:06 UTC
84,17881,0.476991697586199,80,PGA,2025-05-26 12:01:06 UTC
85,23838,0.460877209865408,64,PGA,2025-05-26 12:01:06 UTC
86,28635,0.456620829354122,60,PGA,2025-05-26 12:01:06 UTC
87,11889,0.448072202639187,78,PGA,2025-05-26 12:01:06 UTC
88,14013,0.445007579785227,501,LIV,2025-05-26 12:01:06 UTC
89,12965,0.441718040433753,124,PGA,2025-05-26 12:01:06 UTC
90,16243,0.423426586281558,395,LIV,2025-05-26 12:01:06 UTC
91,16715,0.421341669725339,150,PGA,2025-05-26 12:01:06 UTC
92,16333,0.416604552473444,111,PGA,2025-05-26 12:01:06 UTC
93,19428,0.415460610205149,84,PGA,2025-05-26 12:01:06 UTC
94,15676,0.40981948507072,100,PGA,2025-05-26 12:01:06 UTC
95,6169,0.397832437413928,139,PGA,2025-05-26 12:01:06 UTC
96,27774,0.387887019478,186,PGA,2025-05-26 12:01:06 UTC
97,7649,0.386006236090037,501,LIV,2025-05-26 12:01:06 UTC
98,14704,0.380047276938883,146,PGA,2025-05-26 12:01:06 UTC
99,14181,0.368279731957434,32,PGA,2025-05-26 12:01:06 UTC
100,7672,0.367640570002145,329,LIV,2025-05-26 12:01:06 UTC
101,24766,0.3533323948995,45,PGA,2025-05-26 12:01:06 UTC
102,7398,0.343383729805889,377,LIV,2025-05-26 12:01:06 UTC
103,26651,0.340770666944477,67,PGA,2025-05-26 12:01:06 UTC
104,7108,0.331550406683927,501,LIV,2025-05-26 12:01:06 UTC
105,10104,0.326950337188877,130,PGA,2025-05-26 12:01:06 UTC
106,24550,0.322941035736678,117,PGA,2025-05-26 12:01:06 UTC
107,11657,0.321257122091604,172,PGA,2025-05-26 12:01:06 UTC
108,22322,0.316672953295601,123,EURO,2025-05-26 12:01:06 UTC
109,6516,0.315378599373628,501,LIV,2025-05-26 12:01:06 UTC
110,22833,0.30836767043976,52,PGA,2025-05-26 12:01:06 UTC
111,28309,0.303427972746007,155,PGA,2025-05-26 12:01:06 UTC
112,15310,0.299256258984696,103,EURO,2025-05-26 12:01:06 UTC
113,12423,0.294764328902376,94,PGA,2025-05-26 12:01:06 UTC
114,26653,0.290282342246966,70,PGA,2025-05-26 12:01:06 UTC
115,17550,0.288959438562559,73,PGA,2025-05-26 12:01:06 UTC
116,23602,0.285543785862329,98,PGA,2025-05-26 12:01:06 UTC
117,10158,0.277579316817933,193,EURO,2025-05-26 12:01:06 UTC
118,23014,0.275323983991059,35,PGA,2025-05-26 12:01:06 UTC
119,19396,0.274272302976349,96,PGA,2025-05-26 12:01:06 UTC
120,12808,0.269495014506141,151,PGA,2025-05-26 12:01:06 UTC
121,6093,0.263909097663548,17,PGA,2025-05-26 12:01:06 UTC
122,25157,0.263425998720572,116,PGA,2025-05-26 12:01:06 UTC
123,23505,0.261489589479609,88,PGA,2025-05-26 12:01:06 UTC
124,18580,0.256617691573003,501,LIV,2025-05-26 12:01:06 UTC
125,18238,0.251276895720353,491,LIV,2025-05-26 12:01:06 UTC
126,18628,0.246166583116825,106,PGA,2025-05-26 12:01:06 UTC
127,21688,0.24295578594778,115,KFT,2025-05-26 12:01:06 UTC
128,28469,0.228196774936829,61,PGA,2025-05-26 12:01:06 UTC
129,13508,0.223666968726221,50,PGA,2025-05-26 12:01:06 UTC
130,23504,0.207267052727648,120,PGA,2025-05-26 12:01:06 UTC
131,26745,0.200266731855224,141,EURO,2025-05-26 12:01:06 UTC
132,14795,0.199998595439404,62,EURO,2025-05-26 12:01:06 UTC
133,26649,0.184748792632322,135,PGA,2025-05-26 12:01:06 UTC
134,27996,0.157643216589403,240,PGA,2025-05-26 12:01:06 UTC
135,27819,0.152463619264427,203,PGA,2025-05-26 12:01:06 UTC
136,17723,0.150530243562733,109,PGA,2025-05-26 12:01:06 UTC
137,6986,0.144743658797146,178,PGA,2025-05-26 12:01:06 UTC
138,23816,0.1348647154744,107,PGA,2025-05-26 12:01:06 UTC
139,21074,0.133907545514242,119,EURO,2025-05-26 12:01:06 UTC
140,20730,0.132499144729524,110,PGA,2025-05-26 12:01:06 UTC
141,32319,0.127022352746975,501,AM,2025-05-26 12:01:06 UTC
142,18770,0.1191358494538,136,PGA,2025-05-26 12:01:06 UTC
143,18424,0.117595915094765,189,PGA,2025-05-26 12:01:06 UTC
144,19872,0.11749200605014,54,PGA,2025-05-26 12:01:06 UTC
145,28615,0.11486211962631,170,EURO,2025-05-26 12:01:06 UTC
146,15470,0.112406845846364,97,PGA,2025-05-26 12:01:06 UTC
147,25601,0.106153971276374,132,EURO,2025-05-26 12:01:06 UTC
148,13944,0.104890063862755,501,LIV,2025-05-26 12:01:06 UTC
149,26126,0.102215860971408,265,KFT,2025-05-26 12:01:06 UTC
150,26850,0.0943025972533961,122,PGA,2025-05-26 12:01:06 UTC
151,19729,0.0862091938557903,174,PGA,2025-05-26 12:01:06 UTC
152,27183,0.0856158903071545,168,PGA,2025-05-26 12:01:06 UTC
153,15004,0.0802180420536594,143,PGA,2025-05-26 12:01:06 UTC
154,17786,0.0702908887345486,69,PGA,2025-05-26 12:01:06 UTC
155,25003,0.055612315354948,191,PGA,2025-05-26 12:01:06 UTC
156,17538,0.0507639772288368,87,PGA,2025-05-26 12:01:06 UTC
157,13764,0.0503496432661823,104,EURO,2025-05-26 12:01:06 UTC
158,26657,0.0451732783221465,157,PGA,2025-05-26 12:01:06 UTC
159,11357,0.03057345987169,175,LIV,2025-05-26 12:01:06 UTC
160,23656,0.0289789789889926,165,PGA,2025-05-26 12:01:06 UTC
161,21646,0.0272267362754115,140,EURO,2025-05-26 12:01:06 UTC
162,14509,0.0208306938785938,147,PGA,2025-05-26 12:01:06 UTC
163,25094,0.0126420934816755,118,PGA,2025-05-26 12:01:06 UTC
164,28159,0.0069730270385348,158,PGA,2025-05-26 12:01:06 UTC
165,6892,-0.0004590171397532,501,LIV,2025-05-26 12:01:06 UTC
166,15229,-0.0054374417730341,259,EURO,2025-05-26 12:01:06 UTC
167,7677,-0.0074400464748936,108,JPN,2025-05-26 12:01:06 UTC
168,11049,-0.0117086064699617,354,PGA,2025-05-26 12:01:06 UTC
169,14698,-0.0153749911660802,215,PGA,2025-05-26 12:01:06 UTC
170,27164,-0.0251581705688707,161,PGA,2025-05-26 12:01:06 UTC
171,22465,-0.0305702279922022,177,EURO,2025-05-26 12:01:06 UTC
172,5768,-0.0444213927679336,129,PGA,2025-05-26 12:01:06 UTC
173,14987,-0.0536445169520567,254,EURO,2025-05-26 12:01:06 UTC
174,11451,-0.0583601134515512,188,PGA,2025-05-26 12:01:06 UTC
175,15193,-0.0601206850302753,162,AFR,2025-05-26 12:01:06 UTC
176,14792,-0.0642522866656599,197,EURO,2025-05-26 12:01:06 UTC
177,13997,-0.06794667493824,187,PGA,2025-05-26 12:01:06 UTC
178,11460,-0.0765903497165688,133,PGA,2025-05-26 12:01:06 UTC
179,20954,-0.0796000450388872,125,KFT,2025-05-26 12:01:06 UTC
180,15475,-0.0812796885041914,160,PGA,2025-05-26 12:01:06 UTC
181,26193,-0.0859187165342551,347,EURO,2025-05-26 12:01:06 UTC
182,12669,-0.0943790431714484,501,LIV,2025-05-26 12:01:06 UTC
183,19840,-0.108912062508593,235,PGA,2025-05-26 12:01:06 UTC
184,24497,-0.122244561340679,190,EURO,2025-05-26 12:01:06 UTC
185,16896,-0.125851188243256,180,EURO,2025-05-26 12:01:06 UTC
186,20727,-0.126745301933539,226,EURO,2025-05-26 12:01:06 UTC
187,16162,-0.131723514081375,225,KFT,2025-05-26 12:01:06 UTC
188,23482,-0.132764393110029,202,PGA,2025-05-26 12:01:06 UTC
189,24304,-0.134568831306385,102,PGA,2025-05-26 12:01:06 UTC
190,12422,-0.136581046243858,501,LIV,2025-05-26 12:01:06 UTC
191,16652,-0.146944969248069,121,EURO,2025-05-26 12:01:06 UTC
192,13965,-0.150719902621359,101,PGA,2025-05-26 12:01:06 UTC
193,27811,-0.158422774434727,144,EURO,2025-05-26 12:01:06 UTC
194,14007,-0.164349186603392,303,PGA,2025-05-26 12:01:06 UTC
195,7334,-0.169235730877225,501,LIV,2025-05-26 12:01:06 UTC
196,15651,-0.173776492629024,200,PGA,2025-05-26 12:01:06 UTC
197,24342,-0.179682365937471,137,PGA,2025-05-26 12:01:06 UTC
198,14016,-0.186036003773794,126,EURO,2025-05-26 12:01:06 UTC
199,24962,-0.197031924291021,232,KFT,2025-05-26 12:01:06 UTC
200,14559,-0.199187432574788,405,ASA,2025-05-26 12:01:06 UTC
201,26991,-0.199903323009218,234,EURO,2025-05-26 12:01:06 UTC
202,22002,-0.217352446064402,268,KFT,2025-05-26 12:01:06 UTC
203,10201,-0.220909167874415,156,EURO,2025-05-26 12:01:06 UTC
204,12177,-0.224457464448345,283,EURO,2025-05-26 12:01:06 UTC
205,12337,-0.23730850880795,501,LIV,2025-05-26 12:01:06 UTC
206,22736,-0.237524737943071,241,PGA,2025-05-26 12:01:06 UTC
207,23733,-0.238622064321777,199,EURO,2025-05-26 12:01:06 UTC
208,19190,-0.240112853167962,210,PGA,2025-05-26 12:01:06 UTC
209,21362,-0.246911164551145,166,EURO,2025-05-26 12:01:06 UTC
210,25362,-0.249006353287065,220,EURO,2025-05-26 12:01:06 UTC
211,21995,-0.252916460061888,159,PGA,2025-05-26 12:01:06 UTC
212,17032,-0.258983826881649,134,PGA,2025-05-26 12:01:06 UTC
213,19960,-0.259260920664388,71,PGA,2025-05-26 12:01:06 UTC
214,22087,-0.265149749992234,247,PGA,2025-05-26 12:01:06 UTC
215,25475,-0.268168729239727,224,KFT,2025-05-26 12:01:06 UTC
216,27780,-0.280687630685796,275,PGA,2025-05-26 12:01:06 UTC
217,14775,-0.290158004048988,292,EURO,2025-05-26 12:01:06 UTC
218,25002,-0.293240281719021,261,PGA,2025-05-26 12:01:06 UTC
219,19844,-0.294029826789645,228,ASA,2025-05-26 12:01:06 UTC
220,17357,-0.306371175607732,176,EURO,2025-05-26 12:01:06 UTC
221,10943,-0.309470544473137,212,PGA,2025-05-26 12:01:06 UTC
222,17381,-0.310826653683662,214,PGA,2025-05-26 12:01:06 UTC
223,18761,-0.312209823216765,349,PGA,2025-05-26 12:01:06 UTC
224,15326,-0.314071658589128,222,EURO,2025-05-26 12:01:06 UTC
225,32055,-0.316734048783839,138,KFT,2025-05-26 12:01:06 UTC
226,16602,-0.323457104363625,501,LIV,2025-05-26 12:01:06 UTC
227,29827,-0.333858124878181,501,AM,2025-05-26 12:01:06 UTC
228,16395,-0.338597588607154,185,PGA,2025-05-26 12:01:06 UTC
229,20522,-0.340405870060395,167,EURO,2025-05-26 12:01:06 UTC
230,30445,-0.346852217157472,213,EURO,2025-05-26 12:01:06 UTC
231,22050,-0.348318251130274,207,KFT,2025-05-26 12:01:06 UTC
232,7033,-0.348800630931392,432,EURO,2025-05-26 12:01:06 UTC
233,18517,-0.351989897378099,164,EURO,2025-05-26 12:01:06 UTC
234,14904,-0.35560074904734,290,JPN,2025-05-26 12:01:06 UTC
235,12988,-0.358164992819032,208,EURO,2025-05-26 12:01:06 UTC
236,24185,-0.365794887003293,152,EURO,2025-05-26 12:01:06 UTC
237,5665,-0.371131925557509,501,CHAMP,2025-05-26 12:01:06 UTC
238,30463,-0.375847450420125,358,LIV,2025-05-26 12:01:06 UTC
239,26190,-0.380389205037761,339,KFT,2025-05-26 12:01:06 UTC
240,9842,-0.38209658838716,285,EURO,2025-05-26 12:01:06 UTC
241,19865,-0.382290169214655,325,PGA,2025-05-26 12:01:06 UTC
242,19846,-0.385497479494688,298,KFT,2025-05-26 12:01:06 UTC
243,11019,-0.385549498246322,501,LIV,2025-05-26 12:01:06 UTC
244,7960,-0.386934713624083,194,PGA,2025-05-26 12:01:06 UTC
245,24956,-0.392905426144638,376,KFT,2025-05-26 12:01:06 UTC
246,31343,-0.394319105851155,501,AM,2025-05-26 12:01:06 UTC
247,22985,-0.398747331102496,274,KFT,2025-05-26 12:01:06 UTC
248,20085,-0.402096971304631,306,EURO,2025-05-26 12:01:06 UTC
249,30620,-0.402466595628575,255,KFT,2025-05-26 12:01:06 UTC
250,14975,-0.410448700849103,249,EURO,2025-05-26 12:01:06 UTC
251,18105,-0.414710077628768,90,EURO,2025-05-26 12:01:06 UTC
252,11117,-0.416657086712868,362,KFT,2025-05-26 12:01:06 UTC
253,21407,-0.416869160766326,131,EURO,2025-05-26 12:01:06 UTC
254,27900,-0.423518582832325,127,PGA,2025-05-26 12:01:06 UTC
255,14209,-0.427393765202682,450,ASA,2025-05-26 12:01:06 UTC
256,22608,-0.430681476117282,319,EURO,2025-05-26 12:01:06 UTC
257,12734,-0.433173648917541,297,EURO,2025-05-26 12:01:06 UTC
258,29770,-0.436640160226778,211,PGA,2025-05-26 12:01:06 UTC
259,14196,-0.447997458551426,271,LIV,2025-05-26 12:01:06 UTC
260,4871,-0.449345827883789,501,CHAMP,2025-05-26 12:01:06 UTC
261,18869,-0.451139483495486,246,KFT,2025-05-26 12:01:06 UTC
262,18187,-0.455560849514379,340,PGA,2025-05-26 12:01:06 UTC
263,16433,-0.456733658619762,300,PGA,2025-05-26 12:01:06 UTC
264,10418,-0.460685359252925,394,EURO,2025-05-26 12:01:06 UTC
265,19538,-0.461726972716737,330,ASA,2025-05-26 12:01:06 UTC
266,7452,-0.465944459967356,501,LIV,2025-05-26 12:01:06 UTC
267,21236,-0.472080670843968,280,PGA,2025-05-26 12:01:06 UTC
268,23610,-0.47219315834342,237,EURO,2025-05-26 12:01:06 UTC
269,13470,-0.472261192574431,149,PGA,2025-05-26 12:01:06 UTC
270,18027,-0.476850888143246,488,EURO,2025-05-26 12:01:06 UTC
271,11952,-0.476961740812598,452,LIV,2025-05-26 12:01:06 UTC
272,15756,-0.480665116934738,268,JPN,2025-05-26 12:01:06 UTC
273,26660,-0.48290487191509,262,PGA,2025-05-26 12:01:06 UTC
274,15330,-0.483529827819019,299,PGA,2025-05-26 12:01:06 UTC
275,28268,-0.484170712683826,266,JPN,2025-05-26 12:01:06 UTC
276,31192,-0.484899668722845,341,KFT,2025-05-26 12:01:06 UTC
277,14373,-0.486487038150915,198,ASA,2025-05-26 12:01:06 UTC
278,28016,-0.488587358588554,333,KFT,2025-05-26 12:01:06 UTC
279,14140,-0.490854926091952,142,PGA,2025-05-26 12:01:06 UTC
280,24837,-0.493663922043034,355,PGA,2025-05-26 12:01:06 UTC
281,20766,-0.495516075240619,153,EURO,2025-05-26 12:01:06 UTC
282,18635,-0.496369499800685,294,PGA,2025-05-26 12:01:06 UTC
283,16757,-0.498222804431247,404,KFT,2025-05-26 12:01:06 UTC
284,25611,-0.499341183666793,373,EURO,2025-05-26 12:01:06 UTC
285,24369,-0.507706949548572,313,EURO,2025-05-26 12:01:06 UTC
286,8605,-0.512963697296423,501,LIV,2025-05-26 12:01:06 UTC
287,12522,-0.519803638372062,348,EURO,2025-05-26 12:01:06 UTC
288,19477,-0.525154363125898,145,PGA,2025-05-26 12:01:06 UTC
289,4818,-0.526547584996832,501,CHAMP,2025-05-26 12:01:06 UTC
290,18524,-0.529638161541786,154,ASA,2025-05-26 12:01:06 UTC
291,31955,-0.531744235347839,501,AM,2025-05-26 12:01:06 UTC
292,21943,-0.534693284556107,195,KFT,2025-05-26 12:01:06 UTC
293,19866,-0.538190593282572,501,LIV,2025-05-26 12:01:06 UTC
294,20984,-0.547038641376583,245,JPN,2025-05-26 12:01:06 UTC
295,12321,-0.547366310833486,304,EURO,2025-05-26 12:01:06 UTC
296,19948,-0.554912296829902,439,KFT,2025-05-26 12:01:06 UTC
297,29197,-0.556191822268477,451,PTA,2025-05-26 12:01:06 UTC
298,7489,-0.556289980009388,344,PGA,2025-05-26 12:01:06 UTC
299,31188,-0.566982144542947,501,AM,2025-05-26 12:01:06 UTC
300,15274,-0.568784392631334,323,ASA,2025-05-26 12:01:06 UTC
301,8480,-0.569125138190073,257,PGA,2025-05-26 12:01:06 UTC
302,30621,-0.570606746554331,379,KFT,2025-05-26 12:01:06 UTC
303,9586,-0.571551080272188,351,PGA,2025-05-26 12:01:06 UTC
304,12413,-0.581683872418336,169,ASA,2025-05-26 12:01:06 UTC
305,19898,-0.582925585285548,219,EURO,2025-05-26 12:01:06 UTC
306,21875,-0.589278861710811,236,PGA,2025-05-26 12:01:06 UTC
307,19232,-0.590332014134922,289,ASA,2025-05-26 12:01:06 UTC
308,17639,-0.590631122497652,264,PGA,2025-05-26 12:01:06 UTC
309,25131,-0.603945963157288,184,EURO,2025-05-26 12:01:06 UTC
310,9531,-0.615042322166193,239,EURO,2025-05-26 12:01:06 UTC
311,22259,-0.618953619692515,179,EURO,2025-05-26 12:01:06 UTC
312,24343,-0.619516277657471,243,KFT,2025-05-26 12:01:06 UTC
313,12920,-0.624122580319141,346,PGA,2025-05-26 12:01:06 UTC
314,11397,-0.626426141529158,332,EURO,2025-05-26 12:01:06 UTC
315,13497,-0.633541545463628,209,PGA,2025-05-26 12:01:06 UTC
316,21921,-0.635938123105182,272,JPN,2025-05-26 12:01:06 UTC
317,23542,-0.649132339808353,398,PGA,2025-05-26 12:01:06 UTC
318,13485,-0.650301874798043,229,JPN,2025-05-26 12:01:06 UTC
319,24298,-0.652213316658133,386,ASA,2025-05-26 12:01:06 UTC
320,24481,-0.656459480674626,458,KFT,2025-05-26 12:01:06 UTC
321,25442,-0.657954079527422,258,PGA,2025-05-26 12:01:06 UTC
322,17813,-0.65943542470905,216,EURO,2025-05-26 12:01:06 UTC
323,16796,-0.663629940152043,501,KFT,2025-05-26 12:01:06 UTC
324,15056,-0.665415091660829,408,JPN,2025-05-26 12:01:06 UTC
325,29970,-0.667494835803809,501,KFT,2025-05-26 12:01:06 UTC
326,8820,-0.677467184162891,430,PGA,2025-05-26 12:01:06 UTC
327,5994,-0.679389173268072,501,LIV,2025-05-26 12:01:06 UTC
328,27420,-0.682213549919477,221,PGA,2025-05-26 12:01:06 UTC
329,27947,-0.683508589603712,501,AM,2025-05-26 12:01:06 UTC
330,7655,-0.68992595581168,476,PGA,2025-05-26 12:01:06 UTC
331,20448,-0.69099386250567,270,EURO,2025-05-26 12:01:06 UTC
332,11396,-0.691684554492293,316,EURO,2025-05-26 12:01:06 UTC
333,31251,-0.692259242740127,282,KFT,2025-05-26 12:01:06 UTC
334,28270,-0.694340381943175,58,PGA,2025-05-26 12:01:06 UTC
335,27820,-0.694847563434194,251,PGA,2025-05-26 12:01:06 UTC
336,28471,-0.698194062346837,305,KFT,2025-05-26 12:01:06 UTC
337,25919,-0.698211122491323,501,LIV,2025-05-26 12:01:06 UTC
338,25036,-0.698972005030538,365,KFT,2025-05-26 12:01:06 UTC
339,21412,-0.699380948789141,192,PGA,2025-05-26 12:01:06 UTC
340,10873,-0.70678903936097,308,PGA,2025-05-26 12:01:06 UTC
341,26947,-0.712170069156303,331,EURO,2025-05-26 12:01:06 UTC
342,15980,-0.714072900467735,205,PGA,2025-05-26 12:01:06 UTC
343,6950,-0.71633913332615,244,EURO,2025-05-26 12:01:06 UTC
344,18722,-0.717033116026501,356,EURO,2025-05-26 12:01:06 UTC
345,25889,-0.72188538148184,334,EURO,2025-05-26 12:01:06 UTC
346,26953,-0.723044297270543,501,AM,2025-05-26 12:01:06 UTC
347,13127,-0.731299999390009,317,PGA,2025-05-26 12:01:06 UTC
348,32089,-0.733043801950237,501,AM,2025-05-26 12:01:06 UTC
349,7548,-0.739347897735673,501,LIV,2025-05-26 12:01:06 UTC
350,21889,-0.745101925284287,383,KFT,2025-05-26 12:01:06 UTC
351,25213,-0.75092480539001,385,EURO,2025-05-26 12:01:06 UTC
352,5716,-0.757653818924809,499,CHAMP,2025-05-26 12:01:06 UTC
353,1547,-0.760979329567271,501,LIV,2025-05-26 12:01:06 UTC
354,27258,-0.7649375072169,449,EURO,2025-05-26 12:01:06 UTC
355,16341,-0.766704186314805,256,PGA,2025-05-26 12:01:06 UTC
356,13831,-0.768940733612728,320,KFT,2025-05-26 12:01:06 UTC
357,18514,-0.770487408670015,277,EURO,2025-05-26 12:01:06 UTC
358,25319,-0.773936808489157,501,KFT,2025-05-26 12:01:06 UTC
359,16563,-0.775846925917351,310,ASA,2025-05-26 12:01:06 UTC
360,22986,-0.777544318904991,384,KFT,2025-05-26 12:01:06 UTC
361,30036168,-0.779450956870427,501,AM,2025-05-26 12:01:06 UTC
362,28157,-0.779488663667413,369,EURO,2025-05-26 12:01:06 UTC
363,9133,-0.780118390266132,281,EURO,2025-05-26 12:01:06 UTC
364,30036737,-0.782974485271028,501,AM,2025-05-26 12:01:06 UTC
365,24200,-0.785385158852962,204,EURO,2025-05-26 12:01:06 UTC
366,30767,-0.786001491191183,411,KFT,2025-05-26 12:01:06 UTC
367,13374,-0.786352100332671,218,EURO,2025-05-26 12:01:06 UTC
368,32312,-0.792751432644611,342,KFT,2025-05-26 12:01:06 UTC
369,14967,-0.79365099577718,388,PGA,2025-05-26 12:01:06 UTC
370,12213,-0.798813972384527,429,EURO,2025-05-26 12:01:06 UTC
371,18662,-0.80036228557402,296,KFT,2025-05-26 12:01:06 UTC
372,22535,-0.800391057406038,350,PGA,2025-05-26 12:01:06 UTC
373,17747,-0.80278780157437,366,EURO,2025-05-26 12:01:06 UTC
374,18536,-0.808941995678062,399,KFT,2025-05-26 12:01:06 UTC
375,23502,-0.810329994768358,318,PGA,2025-05-26 12:01:06 UTC
376,30029770,-0.811869284860054,501,AM,2025-05-26 12:01:06 UTC
377,15596,-0.813583301891759,360,EURO,2025-05-26 12:01:06 UTC
378,29318,-0.815512493751526,301,KFT,2025-05-26 12:01:06 UTC
379,25890,-0.81889979940226,501,AFR,2025-05-26 12:01:06 UTC
380,24354,-0.8223813423004,417,PGA,2025-05-26 12:01:06 UTC
381,25588,-0.823960435738161,402,EURO,2025-05-26 12:01:06 UTC
382,19869,-0.82642406122627,442,KFT,2025-05-26 12:01:06 UTC
383,874,-0.827937855165463,501,CHAMP,2025-05-26 12:01:06 UTC
384,32064,-0.832343824211173,501,AM,2025-05-26 12:01:06 UTC
385,16475,-0.832790951912492,287,EURO,2025-05-26 12:01:06 UTC
386,16591,-0.833246117873649,493,KFT,2025-05-26 12:01:06 UTC
387,27762,-0.835717368610516,396,PGA,2025-05-26 12:01:06 UTC
388,25363,-0.83682922702982,359,PGA,2025-05-26 12:01:06 UTC
389,16160,-0.837429472714543,322,JPN,2025-05-26 12:01:06 UTC
390,1435,-0.839697634002435,501,LIV,2025-05-26 12:01:06 UTC
391,18174,-0.844662389645835,446,CHA,2025-05-26 12:01:06 UTC
392,13367,-0.845943390652583,353,PGA,2025-05-26 12:01:06 UTC
393,26913,-0.847664283297184,401,KFT,2025-05-26 12:01:06 UTC
394,29279,-0.848431429228837,237,PGA,2025-05-26 12:01:06 UTC
395,11763,-0.848891172025758,248,EURO,2025-05-26 12:01:06 UTC
396,19224,-0.853106282079229,227,EURO,2025-05-26 12:01:06 UTC
397,32152,-0.853479898462992,501,AM,2025-05-26 12:01:06 UTC
398,11955,-0.855715443396616,315,EURO,2025-05-26 12:01:06 UTC
399,20353,-0.863961396253061,489,KFT,2025-05-26 12:01:06 UTC
400,19635,-0.865073664560279,293,EURO,2025-05-26 12:01:06 UTC
401,15680,-0.866035267073985,309,EURO,2025-05-26 12:01:06 UTC
402,13139,-0.872105068334287,378,EURO,2025-05-26 12:01:06 UTC
403,7961,-0.874120552702706,473,PGA,2025-05-26 12:01:06 UTC
404,9099,-0.87598768222794,302,JPN,2025-05-26 12:01:06 UTC
405,3596,-0.876230987641052,501,CHAMP,2025-05-26 12:01:06 UTC
406,13305,-0.878355921407178,391,PGA,2025-05-26 12:01:06 UTC
407,23416,-0.881198961832299,217,EURO,2025-05-26 12:01:06 UTC
408,14002,-0.88372794844716,372,KFT,2025-05-26 12:01:06 UTC
409,32593,-0.88618448759338,501,AM,2025-05-26 12:01:06 UTC
410,22089,-0.886877181152329,252,EURO,2025-05-26 12:01:06 UTC
411,18933,-0.898596515941619,242,KFT,2025-05-26 12:01:06 UTC
412,16842,-0.90089743630091,397,KFT,2025-05-26 12:01:06 UTC
413,15191,-0.901881193904425,361,EURO,2025-05-26 12:01:06 UTC
414,28473,-0.902982718785866,501,AM,2025-05-26 12:01:06 UTC
415,24093,-0.903468469552394,233,EURO,2025-05-26 12:01:06 UTC
416,12426,-0.907145024387555,148,EURO,2025-05-26 12:01:06 UTC
417,21880,-0.910649329588034,462,PGA,2025-05-26 12:01:06 UTC
418,26531,-0.910665134045232,485,KFT,2025-05-26 12:01:06 UTC
419,7679,-0.913827996319656,460,EURO,2025-05-26 12:01:06 UTC
420,16497,-0.921163665985239,173,EURO,2025-05-26 12:01:06 UTC
421,9171,-0.921355251029792,279,PGA,2025-05-26 12:01:06 UTC
422,15120,-0.923230118497381,501,KFT,2025-05-26 12:01:06 UTC
423,26143,-0.928131355775042,413,KFT,2025-05-26 12:01:06 UTC
424,23540,-0.929667195927865,415,PGA,2025-05-26 12:01:06 UTC
425,26506,-0.93225647456697,501,CHA,2025-05-26 12:01:06 UTC
426,23599,-0.943291823190075,267,KFT,2025-05-26 12:01:06 UTC
427,8571,-0.946793752194666,501,KFT,2025-05-26 12:01:06 UTC
428,24091,-0.947145760049774,434,ASA,2025-05-26 12:01:06 UTC
429,26617,-0.947571055823908,335,KFT,2025-05-26 12:01:06 UTC
430,18059,-0.960502270456212,374,KFT,2025-05-26 12:01:06 UTC
431,31285,-0.964554702397056,501,KFT,2025-05-26 12:01:06 UTC
432,9643,-0.965299493855185,468,KFT,2025-05-26 12:01:06 UTC
433,30428,-0.966806139274466,501,LIV,2025-05-26 12:01:06 UTC
434,14018,-0.970407419924823,352,EURO,2025-05-26 12:01:06 UTC
435,29925,-0.972920268855894,284,KFT,2025-05-26 12:01:06 UTC
436,8085,-0.979035012735984,312,KFT,2025-05-26 12:01:06 UTC
437,25806,-0.979354668885265,392,KOR,2025-05-26 12:01:06 UTC
438,22231,-0.9805075177778,457,EURO,2025-05-26 12:01:06 UTC
439,25263,-0.980883457376048,393,PGA,2025-05-26 12:01:06 UTC
440,19899,-0.98280596621576,498,EURO,2025-05-26 12:01:06 UTC
441,12909,-0.983509182827419,206,PGA,2025-05-26 12:01:06 UTC
442,25963,-0.985803220607495,336,EURO,2025-05-26 12:01:06 UTC
443,13923,-0.987576163844735,463,KOR,2025-05-26 12:01:06 UTC
444,18994,-0.990202458136449,426,JPN,2025-05-26 12:01:06 UTC
445,19681,-0.991899638726023,364,JPN,2025-05-26 12:01:06 UTC
446,30210,-0.99468436710713,409,AFR,2025-05-26 12:01:06 UTC
447,20844,-0.995634822149893,403,CHA,2025-05-26 12:01:06 UTC
448,29347,-0.995890224229949,501,KFT,2025-05-26 12:01:06 UTC
449,30429,-0.996607265256003,501,KFT,2025-05-26 12:01:06 UTC
450,26000,-1.0082534707103,426,ASA,2025-05-26 12:01:06 UTC
451,15394,-1.01631229649107,501,KFT,2025-05-26 12:01:06 UTC
452,12530,-1.01723236863798,390,EURO,2025-05-26 12:01:06 UTC
453,17280,-1.02103517382215,501,KFT,2025-05-26 12:01:06 UTC
454,27147,-1.02680011844153,497,CHA,2025-05-26 12:01:06 UTC
455,24127,-1.03549651500263,223,EURO,2025-05-26 12:01:06 UTC
456,20780,-1.03817322396261,276,EURO,2025-05-26 12:01:06 UTC
457,18244,-1.0410740541718,501,EURO,2025-05-26 12:01:06 UTC
458,4163,-1.04240966102269,501,EURO,2025-05-26 12:01:06 UTC
459,30033816,-1.0425842876919,501,AM,2025-05-26 12:01:06 UTC
460,23708,-1.04565754034776,470,KFT,2025-05-26 12:01:06 UTC
461,23791,-1.04641088087421,501,PTA,2025-05-26 12:01:06 UTC
462,29971,-1.04667938734598,230,EURO,2025-05-26 12:01:06 UTC
463,18149,-1.05165429646995,448,ASA,2025-05-26 12:01:06 UTC
464,14050,-1.05893100420169,466,KFT,2025-05-26 12:01:06 UTC
465,17081,-1.05962781079504,327,EURO,2025-05-26 12:01:06 UTC
466,12317,-1.06071926778563,482,EURO,2025-05-26 12:01:06 UTC
467,15115,-1.06384811550301,447,EURO,2025-05-26 12:01:06 UTC
468,26008,-1.06712636795274,406,EURO,2025-05-26 12:01:06 UTC
469,15499,-1.06887863112877,501,KFT,2025-05-26 12:01:06 UTC
470,22844,-1.07120467915847,501,JPN,2025-05-26 12:01:06 UTC
471,27597,-1.07204431793429,501,LIV,2025-05-26 12:01:06 UTC
472,30032657,-1.072137747383,501,AM,2025-05-26 12:01:06 UTC
473,13089,-1.07698360377013,459,EURO,2025-05-26 12:01:06 UTC
474,5754,-1.07859837913968,441,EURO,2025-05-26 12:01:06 UTC
475,14368,-1.08353893374502,501,ASA,2025-05-26 12:01:06 UTC
476,21677,-1.08644974907457,386,CHA,2025-05-26 12:01:06 UTC
477,18555,-1.08724661221583,321,CHA,2025-05-26 12:01:06 UTC
478,5151,-1.08727832552206,501,CHAMP,2025-05-26 12:01:06 UTC
479,33079,-1.09334600184867,501,AM,2025-05-26 12:01:06 UTC
480,12232,-1.0933558605284,288,JPN,2025-05-26 12:01:06 UTC
481,25739,-1.09670032654987,273,JPN,2025-05-26 12:01:06 UTC
482,19738,-1.09832700371266,501,KFT,2025-05-26 12:01:06 UTC
483,17422,-1.09842766660705,307,PGA,2025-05-26 12:01:06 UTC
484,18382,-1.09887387319812,420,JPN,2025-05-26 12:01:06 UTC
485,8002,-1.10038488730511,455,KFT,2025-05-26 12:01:06 UTC
486,32449,-1.1010996306359,328,EURO,2025-05-26 12:01:06 UTC
487,11374,-1.10272794152548,501,PGA,2025-05-26 12:01:06 UTC
488,31212,-1.11095912273855,263,PGA,2025-05-26 12:01:06 UTC
489,14847,-1.11129430386593,479,KFT,2025-05-26 12:01:06 UTC
490,33106,-1.1116054005628,501,AM,2025-05-26 12:01:06 UTC
491,24223,-1.11692418991063,183,JPN,2025-05-26 12:01:06 UTC
492,14128,-1.11965743585562,490,ASA,2025-05-26 12:01:06 UTC
493,18809,-1.12114598541425,418,JPN,2025-05-26 12:01:06 UTC
494,16549,-1.12347635777943,253,CHA,2025-05-26 12:01:06 UTC
495,22168,-1.12487098530404,286,EURO,2025-05-26 12:01:06 UTC
496,13498,-1.12650108471488,380,KOR,2025-05-26 12:01:06 UTC
497,28542,-1.12791120522982,467,KFT,2025-05-26 12:01:06 UTC
498,19455,-1.13119813478815,501,LIV,2025-05-26 12:01:06 UTC
499,14371,-1.13200430816231,501,JPN,2025-05-26 12:01:06 UTC
500,12477,-1.13700136128619,501,KFT,2025-05-26 12:01:06 UTC
