calendar_year,event_id,tour
2025,10857,adt
2025,2025313,cha
2025,6,pta
2025,21,pga
2025,11,kft
2025,10855,jpn
2025,2025117,euro
2025,10856,asa
2025,10858,chn
2025,520,champ
2025,10848,alp
2025,10860,bet
2025,10850,cpt
2025,10849,ngl
2025,10851,tpt
2025,558,champ
2025,10843,chn
2025,33,pga
2025,10844,afr
2025,10842,atgt
2025,10841,kor
2025,10840,jpn
2025,100,kft
2025,10835,alp
2025,10836,ngl
2025,10845,mex
2025,10838,tpt
2025,10837,cpt
2025,10829,asa
2025,480,pga
2025,1,pta
2025,10831,tpga
2025,10832,afr
2025,2025312,cha
2025,553,pga
2025,2025140,euro
2025,10824,ngl
2025,10822,alp
2025,10828,atvt
2025,10823,pgt
2025,10833,bet
2025,10818,asa
2025,19,pga
2025,45,liv
2025,171,kft
2025,10817,jpn
2025,615,champ
2025,10819,atgt
2025,4,pta
2025,10812,ngl
2025,10813,cpt
2025,10811,pgt
2025,2025139,euro
2025,10805,jpn
2025,10810,kor
2025,5,pta
2025,44,liv
2025,15,champ
2025,137,kft
2025,18,pga
2025,5,sam
2025,10809,pgti
2025,10800,cpt
2025,10806,atvt
2025,10808,pgti
2025,10799,ngl
2025,10796,kor
2025,2025311,cha
2025,522,pga
2025,12,pga
2025,2025115,euro
2025,10798,ngl
2025,129,kft
2025,10795,pgti
2025,10792,ngl
2025,10791,pgt
2025,2025309,cha
2025,14,pga
2025,10786,jpn
2025,10787,pgti
2025,10788,mex
2025,10784,pgt
2025,128,kft
2025,10782,atgt
2025,43,liv
2025,2,pta
2025,41,pga
2025,59,champ
2025,2,sam
2025,10780,atvt
2025,10781,pgti
2025,10776,cpt
2025,2025113,euro
2025,3,sam
2025,10771,anz
2025,20,pga
2025,3,pta
2025,10772,afr
2025,56,champ
2025,10775,tpga
2025,10767,pgt
2025,10768,cpt
2025,10766,alp
2025,10764,afr
2025,2025308,cha
2025,10761,asa
2025,573,champ
2025,475,pga
2025,10763,anz
2025,2025112,euro
2025,10774,mex
2025,10757,alp
2025,10762,adt
2025,10759,cpt
2025,10758,pgt
2025,11,pga
2025,2025307,cha
2025,42,liv
2025,10754,bet
2025,10752,pgt
2025,9,pga
2025,41,liv
2025,107,kft
2025,10749,anz
2025,2025111,euro
2025,483,pga
2025,18,champ
2025,10748,pgti
2025,10750,ngl
2025,10744,alp
2025,10740,anz
2025,170,kft
2025,2025110,euro
2025,10,pga
2025,10736,mex
2025,10742,ngl
2025,10734,pgt
2025,10735,pgti
2025,10733,alp
2025,10741,ngl
2025,10732,pgt
2025,10726,anz
2025,2025109,euro
2025,540,pga
2025,10731,adt
2025,10723,alp
2025,10725,pgti
2025,10730,ngl
2025,10728,bet
2025,10721,atgt
2025,40,liv
2025,552,champ
2025,7,pga
2025,2025305,cha
2025,10729,ngl
2025,10720,pgti
2025,10717,anz
2025,104,kft
2025,3,pga
2025,2025302,cha
2025,2025142,euro
2025,39,liv
2025,624,champ
2025,2025108,euro
2025,10711,anz
2025,5,pga
2025,10710,asa
2025,84,kft
2025,2025301,cha
2025,10704,anz
2025,2025300,cha
2025,2025107,euro
2025,10702,asa
2025,10703,adt
2025,10712,mex
2025,4,pga
2025,10705,bet
2025,125,kft
2025,2,pga
2025,10696,afr
2025,2025106,euro
2025,524,champ
2025,10697,bet
2025,124,kft
2025,6,pga
2025,10695,anz
2025,16,pga
2024,2025104,euro
2024,10689,pgti
2024,2025103,euro
2024,88,pga
2024,10684,chn
2024,10687,mex
2024,38,liv
2024,10685,pgti
2024,10682,anz
2024,2025102,euro
2024,478,pga
2024,10681,asa
2024,2025101,euro
2024,10674,chn
2024,10673,jpn
2024,10676,adt
2024,10675,asa
2024,10678,bet
2024,493,pga
2024,2025100,euro
2024,10666,chn
2024,10665,jpn
2024,10671,afr
2024,10667,asa
2024,10668,adt
2024,10669,pgti
2024,10672,bet
2024,10663,afr
2024,528,pga
2024,10658,jpn
2024,10659,asa
2024,10662,anz
2024,2024142,euro
2024,10661,atgt
2024,10660,pgti
2024,2024714,euro
2024,10654,kor
2024,2024141,euro
2024,457,pga
2024,10649,jpn
2024,10650,chn
2024,539,champ
2024,10653,atgt
2024,10652,pgti
2024,10651,adt
2024,10655,bet
2024,10640,chn
2024,2024324,cha
2024,10643,anz
2024,10642,kor
2024,10641,asa
2024,10645,mex
2024,527,pga
2024,10636,anz
2024,2024118,euro
2024,10634,asa
2024,9,champ
2024,10638,mex
2024,10635,pgti
2024,10637,bet
2024,47,pga
2024,10627,asa
2024,10631,afr
2024,10629,kor
2024,623,champ
2024,2024329,cha
2024,2024139,euro
2024,10628,pgti
2024,10630,anz
2024,10624,ngl
2024,10623,alp
2024,10626,atvt
2024,10618,anz
2024,609,champ
2024,2024138,euro
2024,10614,jpn
2024,10617,kor
2024,554,pga
2024,10616,asa
2024,2024328,cha
2024,10619,afr
2024,10611,alp
2024,10620,ngl
2024,10612,tpt
2024,10603,jpn
2024,54,pga
2024,10605,asa
2024,2024137,euro
2024,45,kft
2024,44,champ
2024,10607,kor
2024,10606,pgti
2024,2024313,cha
2024,10604,atvt
2024,10608,afr
2024,10599,pgt
2024,10590,jpn
2024,2024334,cha
2024,10595,pgti
2024,2024136,euro
2024,10592,chn
2024,10594,asa
2024,10593,adt
2024,10587,ngl
2024,10591,atvt
2024,10596,bet
2024,10588,cpt
2024,10589,tpt
2024,10582,jpn
2024,10583,afr
2024,2024333,cha
2024,616,champ
2024,37,liv
2024,94,kft
2024,2024135,euro
2024,10580,ngl
2024,10584,tpt
2024,10575,atgt
2024,23,champ
2024,10573,jpn
2024,2024327,cha
2024,10576,kor
2024,36,liv
2024,464,pga
2024,2024134,euro
2024,120,kft
2024,10568,alp
2024,10574,adt
2024,10569,ngl
2024,10570,cpt
2024,2024133,euro
2024,16,pta
2024,10563,atgt
2024,625,champ
2024,2024321,cha
2024,10560,asa
2024,10565,mex
2024,10555,alp
2024,10561,atvt
2024,10558,tpt
2024,10557,cpt
2024,60,pga
2024,10547,jpn
2024,15,pta
2024,2024132,euro
2024,10551,kor
2024,10549,asa
2024,2024336,cha
2024,10548,atvt
2024,10550,adt
2024,10544,ngl
2024,10552,afr
2024,10543,pgt
2024,2024145,euro
2024,2024320,cha
2024,27,kft
2024,14,pta
2024,28,pga
2024,22,champ
2024,10536,jpn
2024,10530,ngl
2024,10537,adt
2024,10529,pgt
2024,10538,pgti
2024,10539,afr
2024,10531,cpt
2024,10532,tpt
2024,10525,anz
2024,13,pta
2024,17,champ
2024,2024358,cha
2024,10524,atgt
2024,2024144,euro
2024,10526,afr
2024,27,pga
2024,168,kft
2024,35,liv
2024,10523,pgti
2024,10517,pgt
2024,10519,cpt
2024,10518,ngl
2024,10510,chn
2024,123,kft
2024,13,pga
2024,10509,jpn
2024,619,champ
2024,10513,atgt
2024,10512,pgti
2024,10511,asa
2024,2024319,cha
2024,10505,ngl
2024,10540,mex
2024,10506,cpt
2024,10514,bet
2024,26,kft
2024,519,pga
2024,2024318,cha
2024,12,pta
2024,10503,afr
2024,10498,ngl
2024,10499,cpt
2024,10500,tpt
2024,131,kft
2024,2024317,cha
2024,34,liv
2024,10494,atgt
2024,525,pga
2024,614,champ
2024,11,pta
2024,10495,afr
2024,10493,atvt
2024,10489,ngl
2024,10488,pgt
2024,472,pga
2024,2024326,cha
2024,22,kft
2024,10,pta
2024,100,pga
2024,10484,cpt
2024,10486,bet
2024,10485,tpt
2024,33,liv
2024,130,kft
2024,9,pta
2024,541,pga
2024,10477,kor
2024,507,champ
2024,10476,jpn
2024,518,pga
2024,10470,alp
2024,10471,ngl
2024,10478,tpt
2024,10472,cpt
2024,30,pga
2024,10468,asa
2024,2024126,euro
2024,10467,jpn
2024,10463,pgt
2024,10462,alp
2024,10464,ngl
2024,10465,tpt
2024,8,pta
2024,2024125,euro
2024,122,kft
2024,10459,kor
2024,2024332,cha
2024,512,champ
2024,524,pga
2024,10452,alp
2024,10454,ngl
2024,10455,tpt
2024,10460,bet
2024,10453,pgt
2024,2024124,euro
2024,10448,asa
2024,7,pta
2024,34,pga
2024,166,kft
2024,8,champ
2024,32,liv
2024,10447,jpn
2024,2024331,cha
2024,10449,adt
2024,10442,ngl
2024,10443,cpt
2024,10437,atgt
2024,10427,alp
2024,10435,chn
2024,23,kft
2024,10438,jpn
2024,10439,afr
2024,2024330,cha
2024,26,pga
2024,10434,atvt
2024,10429,ngl
2024,10436,adt
2024,10431,tpt
2024,10428,pgt
2024,10430,cpt
2024,2024122,euro
2024,23,pga
2024,622,champ
2024,31,liv
2024,10421,jpn
2024,37,kft
2024,10423,kor
2024,2024325,cha
2024,10424,afr
2024,10422,atvt
2024,10417,ngl
2024,10418,cpt
2024,10416,pgt
2024,10409,chn
2024,32,pga
2024,2024121,euro
2024,608,champ
2024,48,kft
2024,10408,atvt
2024,10404,ngl
2024,10403,alp
2024,10405,cpt
2024,10413,tpt
2024,2024312,cha
2024,21,pga
2024,10399,jpn
2024,11,kft
2024,2024120,euro
2024,10400,kor
2024,10401,afr
2024,520,champ
2024,10394,alp
2024,10396,cpt
2024,10395,ngl
2024,10391,kor
2024,10390,jpn
2024,100,kft
2024,33,pga
2024,6,pta
2024,10385,alp
2024,10386,ngl
2024,10411,tpt
2024,10387,cpt
2024,10377,jpn
2024,10378,adt
2024,10381,mex
2024,558,champ
2024,2024311,cha
2024,553,pga
2024,480,pga
2024,10380,afr
2024,10374,alp
2024,10375,pgt
2024,10382,cpt
2024,10368,jpn
2024,2024116,euro
2024,10370,asa
2024,5,sam
2024,30,liv
2024,19,pga
2024,10371,adt
2024,615,champ
2024,5,pta
2024,10365,ngl
2024,10369,atvt
2024,10372,cpt
2024,137,kft
2024,10363,kor
2024,29,liv
2024,2024310,cha
2024,4,pta
2024,4,sam
2024,15,champ
2024,2024117,euro
2024,10356,alp
2024,10362,atvt
2024,10358,ngl
2024,10357,pgt
2024,522,pga
2024,10349,asa
2024,2,pta
2024,129,kft
2024,2024309,cha
2024,2,sam
2024,12,pga
2024,10351,kor
2024,53,champ
2024,10350,pgti
2024,10352,bet
2024,10345,ngl
2024,10340,kor
2024,14,pga
2024,10343,afr
2024,10338,chn
2024,10336,ngl
2024,10339,pgti
2024,10342,bet
2024,10337,ngl
2024,128,kft
2024,41,pga
2024,28,liv
2024,10332,afr
2024,10333,atgt
2024,10334,mex
2024,10331,pgti
2024,10330,atvt
2024,20,pga
2024,17,pta
2024,2024114,euro
2024,17,sam
2024,10327,jpn
2024,56,champ
2024,2024113,euro
2024,573,champ
2024,10323,afr
2024,1,pta
2024,2024308,cha
2024,475,pga
2024,1,sam
2024,10320,pgt
2024,10316,anz
2024,11,pga
2024,2024307,cha
2024,10314,asa
2024,10315,adt
2024,10311,pgt
2024,10317,bet
2024,107,kft
2024,483,pga
2024,9,pga
2024,2024112,euro
2024,18,champ
2024,27,liv
2024,10308,pgti
2024,10309,mex
2024,2024111,euro
2024,10302,anz
2024,170,kft
2024,26,liv
2024,10301,alp
2024,10,pga
2024,10300,ngl
2024,10303,mex
2024,10299,ngl
2024,10304,alp
2024,10295,pgt
2024,540,pga
2024,2024110,euro
2024,2024303,cha
2024,10294,asa
2024,624,champ
2024,10289,pgti
2024,10292,ngl
2024,10288,alp
2024,10287,pgt
2024,552,champ
2024,10284,asa
2024,2024302,cha
2024,10283,atgt
2024,10286,ngl
2024,7,pga
2024,10285,anz
2024,10280,pgti
2024,3,pga
2024,10279,anz
2024,2024147,euro
2024,2024301,cha
2024,104,kft
2024,25,liv
2024,2024109,euro
2024,84,kft
2024,10274,anz
2024,5,pga
2024,2024300,cha
2024,24,liv
2024,10273,pgt
2024,10267,anz
2024,2024108,euro
2024,10266,atgt
2024,10268,afr
2024,4,pga
2024,10262,pgt
2024,125,kft
2024,2,pga
2024,10257,mex
2024,2024107,euro
2024,10261,anz
2024,524,champ
2024,10256,bet
2024,124,kft
2024,2024106,euro
2024,6,pga
2024,10254,anz
2024,10255,bet
2024,16,pga
2023,2024105,euro
2023,10250,asa
2023,88,pga
2023,10246,pgti
2023,10248,bet
2023,10242,pgti
2023,10243,atgt
2023,10245,mex
2023,2024104,euro
2023,10241,chn
2023,23,liv
2023,550,pga
2023,10236,asa
2023,2024103,euro
2023,2024102,euro
2023,10235,jpn
2023,10237,adt
2023,10238,pgti
2023,10228,jpn
2023,2024101,euro
2023,10229,chn
2023,10231,atgt
2023,2024100,euro
2023,10230,pgti
2023,10224,asa
2023,2023146,euro
2023,10223,jpn
2023,549,pga
2023,10226,anz
2023,10225,adt
2023,10227,bet
2023,2023713,euro
2023,2023145,euro
2023,10214,jpn
2023,10215,asa
2023,10217,kor
2023,539,champ
2023,10218,anz
2023,548,pga
2023,10220,mex
2023,10216,adt
2023,10219,bet
2023,10205,kor
2023,10207,afr
2023,9,champ
2023,547,pga
2023,2023324,cha
2023,10203,jpn
2023,10208,anz
2023,10204,asa
2023,10206,pgti
2023,10200,kor
2023,2023150,euro
2023,10197,chn
2023,10198,pgti
2023,10199,afr
2023,10192,chn
2023,10193,anz
2023,546,pga
2023,22,liv
2023,2023149,euro
2023,10194,afr
2023,623,champ
2023,10195,mex
2023,10188,alp
2023,10191,atvt
2023,10189,ngl
2023,2023337,cha
2023,2023143,euro
2023,21,liv
2023,609,champ
2023,545,pga
2023,10183,anz
2023,10178,jpn
2023,10180,asa
2023,10182,kor
2023,10181,adt
2023,10179,ngl
2023,544,pga
2023,2023142,euro
2023,2023323,cha
2023,44,champ
2023,45,kft
2023,10174,anz
2023,10173,kor
2023,10175,afr
2023,10169,asa
2023,10167,jpn
2023,10172,atgt
2023,10171,pgti
2023,10168,atvt
2023,10164,pgt
2023,10170,adt
2023,10156,jpn
2023,10157,asa
2023,10161,pgti
2023,10159,atvt
2023,10160,adt
2023,10158,ngl
2023,2023140,euro
2023,2023322,cha
2023,20,liv
2023,616,champ
2023,94,kft
2023,10151,kor
2023,10153,afr
2023,10155,mex
2023,10149,jpn
2023,10150,asa
2023,10154,pgti
2023,10152,ngl
2023,120,kft
2023,543,pga
2023,23,champ
2023,2023139,euro
2023,2023321,cha
2023,10142,kor
2023,10143,afr
2023,10141,jpn
2023,10144,alp
2023,10145,ngl
2023,2023304,cha
2023,10,can
2023,625,champ
2023,2023138,euro
2023,10136,atgt
2023,10134,chn
2023,10135,asa
2023,10130,ngl
2023,10133,atvt
2023,10122,kor
2023,2023137,euro
2023,2023320,cha
2023,53,can
2023,10121,jpn
2023,10125,adt
2023,10123,pgt
2023,10124,atvt
2023,10127,afr
2023,10126,ngl
2023,10112,asa
2023,6,can
2023,10115,kor
2023,2023319,cha
2023,10110,jpn
2023,22,champ
2023,27,kft
2023,60,pga
2023,10105,ngl
2023,2023136,euro
2023,10113,adt
2023,10106,pgt
2023,10114,pgti
2023,10117,bet
2023,17,champ
2023,10097,asa
2023,168,kft
2023,2023318,cha
2023,2023135,euro
2023,10100,anz
2023,28,pga
2023,10099,pgti
2023,10094,pgt
2023,10093,ngl
2023,10102,mex
2023,10101,afr
2023,10098,adt
2023,123,kft
2023,10090,afr
2023,10089,atgt
2023,619,champ
2023,2023317,cha
2023,27,pga
2023,19,liv
2023,26,kft
2023,10083,asa
2023,10082,jpn
2023,13,pga
2023,2023316,cha
2023,46,can
2023,18,liv
2023,10078,ngl
2023,10084,bet
2023,2023315,cha
2023,48,can
2023,614,champ
2023,10075,jpn
2023,131,kft
2023,525,pga
2023,10070,alp
2023,10076,afr
2023,10071,ngl
2023,10072,pgt
2023,22,kft
2023,472,pga
2023,100,pga
2023,70,can
2023,2023314,cha
2023,10065,chn
2023,10067,afr
2023,10062,pgt
2023,518,pga
2023,44,can
2023,130,kft
2023,10058,mex
2023,2023313,cha
2023,507,champ
2023,10056,adt
2023,541,pga
2023,10051,alp
2023,10055,atvt
2023,10057,bet
2023,2023312,cha
2023,30,pga
2023,17,liv
2023,10046,adt
2023,2023130,euro
2023,10044,pgt
2023,10043,ngl
2023,10047,bet
2023,2023311,cha
2023,122,kft
2023,57,sam
2023,524,pga
2023,2023129,euro
2023,10040,jpn
2023,3,can
2023,16,liv
2023,512,champ
2023,10034,alp
2023,10035,ngl
2023,69,can
2023,166,kft
2023,8,champ
2023,2023310,cha
2023,34,pga
2023,10031,asa
2023,10030,jpn
2023,60,sam
2023,2023128,euro
2023,10024,alp
2023,10020,jpn
2023,2023309,cha
2023,26,pga
2023,2,can
2023,23,kft
2023,10016,alp
2023,10017,ngl
2023,10021,atvt
2023,10012,atgt
2023,10013,kor
2023,10005,mex
2023,10011,jpn
2023,2023126,euro
2023,2023308,cha
2023,37,kft
2023,32,pga
2023,622,champ
2023,10008,alp
2023,10004,atvt
2023,10003,ngl
2023,10001,chn
2023,2023125,euro
2023,608,champ
2023,9996,alp
2023,2023307,cha
2023,59,sam
2023,23,pga
2023,48,kft
2023,10000,jpn
2023,9993,afr
2023,9992,ngl
2023,9991,pgt
2023,21,pga
2023,9988,kor
2023,11,kft
2023,9987,adt
2023,9989,afr
2023,15,liv
2023,11,sam
2023,9984,jpn
2023,9986,chn
2023,2023306,cha
2023,520,champ
2023,2023124,euro
2023,9985,atvt
2023,9979,alp
2023,9980,ngl
2023,2023305,cha
2023,100,kft
2023,33,pga
2023,9972,jpn
2023,9974,kor
2023,9975,afr
2023,9973,chn
2023,9976,mex
2023,9970,ngl
2023,9967,kor
2023,9966,chn
2023,14,liv
2023,2023122,euro
2023,19,pga
2023,558,champ
2023,9962,alp
2023,9965,atvt
2023,9963,ngl
2023,2023328,cha
2023,9959,anz
2023,15,champ
2023,22,sam
2023,9960,afr
2023,9958,asa
2023,2023117,euro
2023,480,pga
2023,9955,ngl
2023,2023121,euro
2023,615,champ
2023,13,liv
2023,8,sam
2023,2023327,cha
2023,9950,jpn
2023,134,kft
2023,540,pga
2023,9946,pgt
2023,9945,ngl
2023,9951,mgt
2023,9938,atgt
2023,12,liv
2023,129,kft
2023,2023120,euro
2023,9940,afr
2023,53,champ
2023,9939,kor
2023,18,pga
2023,9934,alp
2023,9937,pgti
2023,9936,atvt
2023,9942,mgt
2023,9952,ngl
2023,9926,asa
2023,9927,kor
2023,9925,jpn
2023,137,kft
2023,9928,afr
2023,12,pga
2023,9932,pgti
2023,9930,mex
2023,9922,ngl
2023,9929,mgt
2023,9931,pgt
2023,9921,ngl
2023,14,pga
2023,9920,pgti
2023,9919,atvt
2023,9918,pgt
2023,9916,afr
2023,167,kft
2023,9914,jpn
2023,41,pga
2023,6,sam
2023,11,liv
2023,9915,anz
2023,2023326,cha
2023,61,sam
2023,9905,asa
2023,2023325,cha
2023,2023119,euro
2023,9909,pgt
2023,522,pga
2023,128,kft
2023,56,champ
2023,10,liv
2023,9899,atgt
2023,9900,anz
2023,475,pga
2023,573,champ
2023,9897,asa
2023,2023118,euro
2023,42,sam
2023,9901,pgt
2023,11,pga
2023,9892,asa
2023,9894,afr
2023,2023114,euro
2023,9893,anz
2023,9,pga
2023,18,champ
2023,9885,anz
2023,483,pga
2023,9886,pgti
2023,9888,ngl
2023,9887,mex
2023,9889,ngl
2023,9884,alp
2023,9880,atgt
2023,9,liv
2023,9881,anz
2023,2023303,cha
2023,2023112,euro
2023,10,pga
2023,9877,alp
2023,9878,ngl
2023,9874,ngl
2023,7,pga
2023,9872,asa
2023,2023302,cha
2023,9873,anz
2023,552,champ
2023,2023111,euro
2023,9863,asa
2023,9865,anz
2023,2023301,cha
2023,3,pga
2023,104,kft
2023,2023110,euro
2023,624,champ
2023,9867,mex
2023,9864,pgti
2023,9866,mgt
2023,5,pga
2023,9857,anz
2023,2023300,cha
2023,84,kft
2023,2023109,euro
2023,9856,asa
2023,9858,mgt
2023,9849,anz
2023,2023108,euro
2023,9850,mex
2023,9848,atgt
2023,4,pga
2023,125,kft
2023,2,pga
2023,2023107,euro
2023,524,champ
2023,124,kft
2023,6,pga
2023,16,pga
2022,9839,chn
2022,9838,adt
2022,9837,pgti
2022,16,sam
2022,2023105,euro
2022,9835,chn
2022,9836,pgti
2022,9834,adt
2022,12,sam
2022,9830,anz
2022,9828,chn
2022,2023104,euro
2022,9829,adt
2022,9825,mgt
2022,478,pga
2022,9816,chn
2022,2023102,euro
2022,9817,asa
2022,9815,jpn
2022,13,sam
2022,2023103,euro
2022,9820,mgt
2022,2023100,euro
2022,9809,asa
2022,9808,jpn
2022,9811,pgti
2022,2023101,euro
2022,9810,adt
2022,2022143,euro
2022,9806,anz
2022,9802,jpn
2022,493,pga
2022,9805,atgt
2022,9804,pgti
2022,9807,bet
2022,539,champ
2022,9794,asa
2022,9793,chn
2022,9792,jpn
2022,9797,anz
2022,2022145,euro
2022,9796,kor
2022,20,pga
2022,9795,pgti
2022,457,pga
2022,9,champ
2022,9786,asa
2022,2022330,cha
2022,9788,afr
2022,9787,jpn
2022,9789,kor
2022,9783,afr
2022,8,liv
2022,528,pga
2022,2022156,euro
2022,9782,jpn
2022,9776,jpn
2022,623,champ
2022,9778,anz
2022,2022140,euro
2022,521,pga
2022,9777,pgti
2022,9773,ept
2022,9779,afr
2022,9774,ngl
2022,9770,anz
2022,2022324,cha
2022,7,liv
2022,609,champ
2022,9769,atgt
2022,2022139,euro
2022,527,pga
2022,9768,pgti
2022,9767,atvt
2022,9765,ngl
2022,9757,jpn
2022,44,champ
2022,6,liv
2022,9761,afr
2022,2022341,cha
2022,2022138,euro
2022,47,pga
2022,9760,kor
2022,9754,alp
2022,9758,atvt
2022,9759,pgti
2022,9755,ngl
2022,9762,bet
2022,9745,jpn
2022,9750,kor
2022,2022137,euro
2022,9748,asa
2022,2022327,cha
2022,54,pga
2022,9751,afr
2022,9746,atvt
2022,9741,alp
2022,9749,pgti
2022,9742,ngl
2022,9743,pgt
2022,2022136,euro
2022,9737,kor
2022,2022326,cha
2022,9733,jpn
2022,616,champ
2022,9735,asa
2022,9736,adt
2022,9732,ngl
2022,9734,atvt
2022,9738,afr
2022,9731,ept
2022,464,pga
2022,5,liv
2022,9726,kor
2022,23,champ
2022,2022325,cha
2022,9722,jpn
2022,10,can
2022,2022135,euro
2022,9727,afr
2022,9725,pgti
2022,9719,ngl
2022,9724,adt
2022,9723,atvt
2022,9718,ept
2022,9713,asa
2022,625,champ
2022,2022134,euro
2022,9714,pgti
2022,9715,afr
2022,9712,ngl
2022,9711,ept
2022,9706,kor
2022,4,liv
2022,45,kft
2022,9703,jpn
2022,2022323,cha
2022,39,can
2022,9702,atgt
2022,2022133,euro
2022,9708,pgt
2022,9704,atvt
2022,9705,adt
2022,9707,ngl
2022,9697,bet
2022,53,can
2022,9682,jpn
2022,9686,kor
2022,2022132,euro
2022,9679,pgt
2022,94,kft
2022,60,pga
2022,2022322,cha
2022,22,champ
2022,9685,afr
2022,9684,adt
2022,9678,ept
2022,9683,pgti
2022,6,can
2022,2022321,cha
2022,9669,asa
2022,28,pga
2022,9668,atgt
2022,27,kft
2022,8,champ
2022,9671,chn
2022,9667,jpn
2022,2022131,euro
2022,9674,pgti
2022,9672,ngl
2022,9673,afr
2022,9670,adt
2022,619,champ
2022,123,kft
2022,9654,kor
2022,9656,asa
2022,27,pga
2022,2022320,cha
2022,2022130,euro
2022,9658,ngl
2022,9657,ept
2022,9659,pgt
2022,9645,ept
2022,9642,asa
2022,2022129,euro
2022,44,can
2022,13,pga
2022,2022319,cha
2022,17,champ
2022,9646,ngl
2022,26,kft
2022,9647,afr
2022,9640,jpn
2022,9634,ept
2022,524,pga
2022,54,can
2022,9636,atvt
2022,3,liv
2022,9635,ngl
2022,9637,afr
2022,2022318,cha
2022,9633,atgt
2022,2022128,euro
2022,22,kft
2022,2022317,cha
2022,9628,atvt
2022,9627,ept
2022,48,can
2022,2022127,euro
2022,525,pga
2022,9626,alp
2022,9625,atgt
2022,614,champ
2022,9618,pgt
2022,122,kft
2022,9617,ept
2022,9616,alp
2022,100,pga
2022,2022316,cha
2022,472,pga
2022,9619,bet
2022,9607,alp
2022,9606,chn
2022,2022315,cha
2022,507,champ
2022,518,pga
2022,9609,bet
2022,541,pga
2022,9598,ept
2022,9595,kor
2022,2022314,cha
2022,9600,pgt
2022,9597,alp
2022,9599,ngl
2022,2022122,euro
2022,2,liv
2022,9601,bet
2022,130,kft
2022,30,pga
2022,52,can
2022,57,sam
2022,9590,bet
2022,9587,ngl
2022,9586,ept
2022,9588,pgt
2022,9577,jpn
2022,34,pga
2022,9589,atvt
2022,9584,atgt
2022,2022121,euro
2022,136,kft
2022,9580,kor
2022,2022313,cha
2022,512,champ
2022,9585,alp
2022,9569,ept
2022,3,can
2022,9568,alp
2022,23,kft
2022,9565,kor
2022,9570,ngl
2022,9572,bet
2022,2022312,cha
2022,26,pga
2022,9571,atvt
2022,9567,adt
2022,9559,ept
2022,9560,ngl
2022,32,pga
2022,9557,kor
2022,37,kft
2022,622,champ
2022,9558,alp
2022,9561,adt
2022,9554,bet
2022,2022311,cha
2022,9555,jpn
2022,2022119,euro
2022,9553,afr
2022,9556,atvt
2022,11,sam
2022,1,liv
2022,9538,jpn
2022,2022118,euro
2022,59,sam
2022,9544,afr
2022,608,champ
2022,23,pga
2022,2022310,cha
2022,2,can
2022,9546,ngl
2022,9540,asa
2022,9545,ept
2022,9542,kor
2022,48,kft
2022,9533,ngl
2022,2022309,cha
2022,9535,atvt
2022,9532,ept
2022,9531,alp
2022,21,pga
2022,2022117,euro
2022,9530,atgt
2022,520,champ
2022,9524,jpn
2022,9528,kor
2022,9526,afr
2022,131,kft
2022,9517,afr
2022,9520,ngl
2022,2022307,cha
2022,33,pga
2022,9519,mgt
2022,9515,jpn
2022,100,kft
2022,558,champ
2022,9511,adt
2022,9513,afr
2022,9510,adt
2022,9508,alp
2022,11,kft
2022,19,pga
2022,9512,bet
2022,9509,ngl
2022,9505,asa
2022,2022115,euro
2022,9507,kor
2022,22,sam
2022,2022114,euro
2022,9502,alp
2022,120,kft
2022,9499,mgt
2022,480,pga
2022,9500,anz
2022,9501,ngl
2022,15,champ
2022,9496,kor
2022,9492,pgt
2022,540,pga
2022,9487,afr
2022,615,champ
2022,9490,anz
2022,9485,jpn
2022,2022151,euro
2022,8,sam
2022,9491,atgt
2022,134,kft
2022,9488,ngl
2022,9481,pgt
2022,9477,afr
2022,9480,pgti
2022,53,champ
2022,6,sam
2022,9482,atvt
2022,2022149,euro
2022,9479,anz
2022,9476,jpn
2022,9469,asa
2022,9467,jpn
2022,9471,pgti
2022,12,pga
2022,9472,alp
2022,9473,pgt
2022,9470,kor
2022,137,kft
2022,9463,atvt
2022,9464,anz
2022,9462,asa
2022,9465,atgt
2022,14,pga
2022,15,sam
2022,9456,jpn
2022,9459,pgti
2022,11,champ
2022,128,kft
2022,2022305,cha
2022,41,pga
2022,135,kft
2022,42,sam
2022,9452,asa
2022,9453,alp
2022,9451,pgt
2022,522,pga
2022,9454,pgt
2022,2022303,cha
2022,2022106,euro
2022,2022147,euro
2022,36,kft
2022,9443,alp
2022,9444,pgt
2022,475,pga
2022,9442,pgti
2022,9440,anz
2022,9437,pgti
2022,2022146,euro
2022,9436,anz
2022,11,pga
2022,9432,alp
2022,2022304,cha
2022,9428,anz
2022,483,pga
2022,9431,ngl
2022,573,champ
2022,9433,ngl
2022,9429,pgti
2022,9,pga
2022,2022108,euro
2022,9430,alp
2022,9426,asa
2022,9417,asa
2022,18,champ
2022,2022302,cha
2022,9419,alp
2022,9422,pgti
2022,9421,ngl
2022,10,pga
2022,2022301,cha
2022,7,pga
2022,21,sam
2022,552,champ
2022,9420,ngl
2022,129,kft
2022,9415,anz
2022,9409,anz
2022,9410,atgt
2022,3,pga
2022,2022148,euro
2022,2022300,cha
2022,104,kft
2022,9402,asa
2022,9403,anz
2022,2022105,euro
2022,5,pga
2022,84,kft
2022,9398,afr
2022,9397,atgt
2022,2022104,euro
2022,4,pga
2022,125,kft
2022,2022103,euro
2022,2,pga
2022,9391,asa
2022,9392,anz
2022,524,champ
2022,124,kft
2022,9383,anz
2022,9380,asa
2022,6,pga
2022,16,pga
2021,9374,chn
2021,9375,atgt
2021,9376,pgti
2021,9373,anz
2021,16,sam
2021,9372,bet
2021,9371,anz
2021,13,sam
2021,9365,jpn
2021,9367,pgti
2021,9366,asa
2021,478,pga
2021,9362,afr
2021,9359,asa
2021,2022100,euro
2021,9361,pgti
2021,9358,jpn
2021,493,pga
2021,9354,jpn
2021,9357,bet
2021,9356,pgti
2021,9355,atgt
2021,2021143,euro
2021,47,champ
2021,9348,atgt
2021,2021157,euro
2021,9347,jpn
2021,9350,bet
2021,20,pga
2021,9349,pgti
2021,9342,atgt
2021,9340,kor
2021,457,pga
2021,2021324,cha
2021,9337,jpn
2021,50,champ
2021,9338,afr
2021,9341,chn
2021,2021156,euro
2021,9343,bet
2021,9333,atgt
2021,9334,bet
2021,9332,jpn
2021,528,pga
2021,527,pga
2021,9330,atvt
2021,2021155,euro
2021,46,champ
2021,9329,ngl
2021,9324,afr
2021,9327,atgt
2021,9328,ept
2021,9326,kor
2021,2021337,cha
2021,521,pga
2021,9319,pgti
2021,9320,alp
2021,9316,jpn
2021,2021137,euro
2021,2021336,cha
2021,9318,ngl
2021,45,champ
2021,9305,atvt
2021,2021136,euro
2021,9307,alp
2021,9304,jpn
2021,47,pga
2021,9311,pgti
2021,9312,kor
2021,9309,pgt
2021,9310,atgt
2021,9308,ngl
2021,44,champ
2021,9297,ngl
2021,54,pga
2021,9296,kor
2021,9298,atvt
2021,9300,bet
2021,2021135,euro
2021,9299,afr
2021,2021321,cha
2021,9294,jpn
2021,2021320,cha
2021,9289,bet
2021,9283,jpn
2021,9285,atvt
2021,9288,atgt
2021,43,champ
2021,9275,ept
2021,2021133,euro
2021,9277,atvt
2021,464,pga
2021,2021327,cha
2021,9271,jpn
2021,9278,afr
2021,9276,ngl
2021,9273,kor
2021,9274,pgti
2021,9266,alp
2021,2021132,euro
2021,9267,ngl
2021,625,champ
2021,9265,kor
2021,9268,ept
2021,9269,pgti
2021,9264,afr
2021,2021319,cha
2021,64,can
2021,9255,ept
2021,9256,ngl
2021,9254,pgti
2021,9250,jpn
2021,154,kft
2021,9257,pgt
2021,2021131,euro
2021,9252,kor
2021,9258,bet
2021,60,pga
2021,2021318,cha
2021,68,can
2021,41,champ
2021,2021130,euro
2021,9240,jpn
2021,9244,pgt
2021,28,pga
2021,9246,bet
2021,9243,ngl
2021,9245,afr
2021,153,kft
2021,2021317,cha
2021,9228,ngl
2021,619,champ
2021,9234,afr
2021,9233,jpn
2021,2021129,euro
2021,9227,ept
2021,152,kft
2021,27,pga
2021,9236,ngl
2021,9229,pgt
2021,9226,alp
2021,63,can
2021,2021330,cha
2021,2021128,euro
2021,151,kft
2021,9221,pgt
2021,13,pga
2021,9220,ept
2021,9219,kor
2021,17,champ
2021,2021315,cha
2021,67,can
2021,150,kft
2021,476,pga
2021,9211,afr
2021,472,pga
2021,9208,ept
2021,2021126,euro
2021,2021314,cha
2021,9209,ngl
2021,9203,atvt
2021,9201,ngl
2021,9200,ept
2021,2021124,euro
2021,519,pga
2021,66,can
2021,149,kft
2021,2021313,cha
2021,57,sam
2021,9196,pgt
2021,525,pga
2021,9197,ngl
2021,2021123,euro
2021,9195,ept
2021,62,can
2021,8192,ept
2021,518,pga
2021,2021312,cha
2021,100,pga
2021,148,kft
2021,8191,alp
2021,2021311,cha
2021,30,pga
2021,8186,kor
2021,2021121,euro
2021,512,champ
2021,147,kft
2021,8183,ngl
2021,8182,alp
2021,8185,atvt
2021,8,champ
2021,2021310,cha
2021,524,pga
2021,8174,ngl
2021,8177,ept
2021,8171,jpn
2021,2021120,euro
2021,8175,pgt
2021,61,can
2021,136,kft
2021,39,champ
2021,8163,kor
2021,22,sam
2021,8162,atvt
2021,8164,ngl
2021,8165,ept
2021,2021309,cha
2021,2021119,euro
2021,34,pga
2021,8161,jpn
2021,65,can
2021,146,kft
2021,8149,alp
2021,535,pga
2021,8151,atvt
2021,11,sam
2021,8148,chn
2021,8150,ept
2021,8154,ngl
2021,2021304,cha
2021,8137,kor
2021,8141,ept
2021,2021117,euro
2021,56,sam
2021,37,kft
2021,538,pga
2021,2021307,cha
2021,8142,ngl
2021,8139,chn
2021,622,champ
2021,8143,atvt
2021,8140,alp
2021,2021116,euro
2021,8127,ngl
2021,8128,pgt
2021,23,pga
2021,8126,chn
2021,2021306,cha
2021,608,champ
2021,8130,bet
2021,8123,jpn
2021,8129,afr
2021,48,kft
2021,8119,kor
2021,8117,ept
2021,2021305,cha
2021,145,kft
2021,8114,bet
2021,8113,atvt
2021,8115,alp
2021,21,pga
2021,8118,pgt
2021,8116,chn
2021,8112,jpn
2021,520,champ
2021,2021115,euro
2021,8104,alp
2021,100,kft
2021,8107,jpn
2021,33,pga
2021,8105,ngl
2021,2021329,cha
2021,15,champ
2021,8100,jpn
2021,2021328,cha
2021,19,pga
2021,8101,chn
2021,8097,ngl
2021,11,kft
2021,2021113,euro
2021,8090,ngl
2021,8093,jpn
2021,2021300,cha
2021,120,kft
2021,8094,kor
2021,480,pga
2021,558,champ
2021,2021153,euro
2021,2021109,euro
2021,2021301,cha
2021,615,champ
2021,134,kft
2021,8085,jpn
2021,8082,pgt
2021,475,pga
2021,8087,kor
2021,8086,chn
2021,8081,alp
2021,2021302,cha
2021,137,kft
2021,8078,bet
2021,8077,chn
2021,8072,ngl
2021,8076,jpn
2021,8071,alp
2021,8073,pgt
2021,2021110,euro
2021,8068,kor
2021,8067,atvt
2021,2021152,euro
2021,12,pga
2021,8063,pgt
2021,165,kft
2021,8062,ngl
2021,8066,jpn
2021,38,champ
2021,536,pga
2021,8059,bet
2021,41,pga
2021,164,kft
2021,8058,alp
2021,8050,bet
2021,8052,alp
2021,144,kft
2021,534,pga
2021,14,sam
2021,8051,afr
2021,8053,anz
2021,2021148,euro
2021,8043,afr
2021,36,kft
2021,8042,pgti
2021,2021106,euro
2021,10,pga
2021,11,pga
2021,2021105,euro
2021,8039,afr
2021,8041,anz
2021,8037,bet
2021,8034,anz
2021,8035,afr
2021,9,pga
2021,8036,atgt
2021,8030,bet
2021,37,champ
2021,473,pga
2021,483,pga
2021,8032,pgti
2021,7,pga
2021,8028,pgti
2021,143,kft
2021,8025,anz
2021,5,pga
2021,8023,anz
2021,3,pga
2021,2021103,euro
2021,8017,bet
2021,2021102,euro
2021,4,pga
2021,8020,anz
2021,2,pga
2021,2021101,euro
2021,36,champ
2021,6,pga
2021,16,pga
2020,9,sam
2020,8006,pgti
2020,8004,chn
2020,2020098,euro
2020,52,sam
2020,457,pga
2020,8000,bet
2020,8001,pgti
2020,2020105,euro
2020,7999,jpn
2020,2020106,euro
2020,7995,bet
2020,2020104,euro
2020,493,pga
2020,7991,jpn
2020,2020103,euro
2020,2020762,cha
2020,51,sam
2020,14,pga
2020,7985,pgti
2020,7984,jpn
2020,2020302,cha
2020,7978,afr
2020,7981,pgti
2020,2020301,cha
2020,7980,kor
2020,20,pga
2020,2020101,euro
2020,7979,chn
2020,539,champ
2020,7972,bet
2020,528,pga
2020,2020100,euro
2020,9,champ
2020,7973,alp
2020,7968,kor
2020,7965,afr
2020,7963,atvt
2020,2020086,euro
2020,527,pga
2020,7967,bet
2020,7964,anz
2020,7957,jpn
2020,2020102,euro
2020,7958,anz
2020,521,pga
2020,623,champ
2020,7959,atgt
2020,7946,atvt
2020,142,kft
2020,2020078,euro
2020,47,pga
2020,7948,ngl
2020,609,champ
2020,7949,kor
2020,7947,anz
2020,50,sam
2020,7937,alp
2020,7939,pgt
2020,54,pga
2020,7936,afr
2020,128,kft
2020,2020726,cha
2020,7935,atvt
2020,7938,ngl
2020,2020060,euro
2020,49,sam
2020,7927,ngl
2020,7925,afr
2020,7926,alp
2020,23,kft
2020,7928,kor
2020,522,pga
2020,2020046,euro
2020,48,sam
2020,7916,atvt
2020,7919,atgt
2020,7917,alp
2020,616,champ
2020,26,pga
2020,7918,ngl
2020,2020750,euro
2020,7906,pgt
2020,2020090,euro
2020,7905,alp
2020,464,pga
2020,7907,kor
2020,23,champ
2020,131,kft
2020,58,can
2020,60,pga
2020,7895,jpn
2020,7898,pgt
2020,7896,alp
2020,2020300,cha
2020,2020038,euro
2020,7901,afr
2020,7897,ngl
2020,122,kft
2020,57,can
2020,47,sam
2020,45,kft
2020,7885,ngl
2020,2020011,euro
2020,7884,afr
2020,7887,kor
2020,28,pga
2020,7886,pgt
2020,46,sam
2020,25,champ
2020,7878,ngl
2020,27,pga
2020,7876,afr
2020,7888,kor
2020,7877,pgt
2020,94,kft
2020,2020009,euro
2020,24,champ
2020,56,can
2020,7871,atgt
2020,7870,ngl
2020,2020007,euro
2020,507,champ
2020,27,kft
2020,13,pga
2020,7869,alp
2020,45,sam
2020,55,can
2020,2020005,euro
2020,7860,pgt
2020,111,kft
2020,7861,kor
2020,33,pga
2020,44,sam
2020,123,kft
2020,7848,pgt
2020,476,pga
2020,2020004,euro
2020,7850,ngl
2020,22,champ
2020,472,pga
2020,22,kft
2020,525,pga
2020,7843,ngl
2020,2020066,euro
2020,23,pga
2020,7838,ngl
2020,2020732,euro
2020,141,kft
2020,7832,atgt
2020,7833,kor
2020,533,pga
2020,140,kft
2020,2020731,euro
2020,7827,kor
2020,524,pga
2020,7828,ngl
2020,130,kft
2020,34,pga
2020,26,kft
2020,12,pga
2020,139,kft
2020,21,pga
2020,138,kft
2020,0,other
2020,7818,pgti
2020,11,pga
2020,7817,pgt
2020,7816,ngl
2020,7814,ngl
2020,7812,pgt
2020,2020022,euro
2020,9,pga
2020,573,champ
2020,7810,asa
2020,21,sam
2020,7813,mgt
2020,95,kft
2020,7803,alp
2020,7804,ngl
2020,7805,ngl
2020,18,champ
2020,7801,asa
2020,2020020,euro
2020,7806,mgt
2020,10,pga
2020,7797,pgt
2020,7796,alp
2020,7795,afr
2020,7793,anz
2020,7798,mgt
2020,473,pga
2020,483,pga
2020,7791,pgti
2020,7789,pgt
2020,7,pga
2020,2020710,cha
2020,552,champ
2020,7788,anz
2020,7790,mgt
2020,129,kft
2020,2020014,euro
2020,7784,pgti
2020,7782,atgt
2020,5,pga
2020,2020708,cha
2020,7783,mgt
2020,104,kft
2020,2020012,euro
2020,3,pga
2020,84,kft
2020,2020706,cha
2020,624,champ
2020,7771,pgt
2020,7772,atgt
2020,2020010,euro
2020,4,pga
2020,125,kft
2020,2,pga
2020,2020008,euro
2020,7766,jpn
2020,7768,pgt
2020,7767,afr
2020,524,champ
2020,124,kft
2020,6,pga
2020,2020006,euro
2020,7761,asa
2020,16,pga
2019,2020003,euro
2019,2020002,euro
2019,478,pga
2019,2020001,euro
2019,2019095,euro
2019,493,pga
2019,457,pga
2019,2019094,euro
2019,2019093,euro
2019,489,pga
2019,528,pga
2019,2019090,euro
2019,527,pga
2019,521,pga
2019,2019088,euro
2019,2019086,euro
2019,20,pga
2019,47,pga
2019,2019084,euro
2019,2019082,euro
2019,464,pga
2019,54,pga
2019,2019080,euro
2019,490,pga
2019,2019078,euro
2019,2019076,euro
2019,45,kft
2019,2019074,euro
2019,2019072,euro
2019,27,kft
2019,60,pga
2019,94,kft
2019,28,pga
2019,2019070,euro
2019,27,pga
2019,111,kft
2019,13,pga
2019,99,kft
2019,476,pga
2019,22,kft
2019,472,pga
2019,123,kft
2019,100,pga
2019,518,pga
2019,30,pga
2019,130,kft
2019,2019060,euro
2019,525,pga
2019,118,kft
2019,2019058,euro
2019,26,kft
2019,2019056,euro
2019,524,pga
2019,2019054,euro
2019,23,kft
2019,34,pga
2019,122,kft
2019,26,pga
2019,37,kft
2019,32,pga
2019,2019048,euro
2019,48,kft
2019,23,pga
2019,131,kft
2019,21,pga
2019,2019046,euro
2019,33,pga
2019,11,kft
2019,100,kft
2019,19,pga
2019,2019042,euro
2019,2019040,euro
2019,480,pga
2019,120,kft
2019,2019038,euro
2019,132,kft
2019,133,kft
2019,12,pga
2019,14,pga
2019,41,pga
2019,522,pga
2019,128,kft
2019,2019031,euro
2019,36,kft
2019,475,pga
2019,2019028,euro
2019,2019026,euro
2019,11,pga
2019,2019024,euro
2019,9,pga
2019,2019022,euro
2019,10,pga
2019,483,pga
2019,473,pga
2019,7,pga
2019,2019018,euro
2019,129,kft
2019,5,pga
2019,2019016,euro
2019,84,kft
2019,2019014,euro
2019,104,kft
2019,3,pga
2019,2019012,euro
2019,4,pga
2019,125,kft
2019,2,pga
2019,2019010,euro
2019,124,kft
2019,6,pga
2019,16,pga
2018,2019006,euro
2018,2019004,euro
2018,2019002,euro
2018,478,pga
2018,2019003,euro
2018,2019000,euro
2018,2018090,euro
2018,493,pga
2018,457,pga
2018,2018089,euro
2018,47,pga
2018,2018088,euro
2018,54,pga
2018,489,pga
2018,521,pga
2018,2018084,euro
2018,494,pga
2018,2018082,euro
2018,2018080,euro
2018,464,pga
2018,60,pga
2018,2018078,euro
2018,45,kft
2018,2018076,euro
2018,27,kft
2018,2018074,euro
2018,28,pga
2018,505,pga
2018,2018072,euro
2018,119,kft
2018,2018070,euro
2018,27,pga
2018,94,kft
2018,2018068,euro
2018,13,pga
2018,111,kft
2018,33,pga
2018,99,kft
2018,476,pga
2018,2018065,euro
2018,100,kft
2018,2018062,euro
2018,32,pga
2018,22,kft
2018,518,pga
2018,100,pga
2018,123,kft
2018,30,pga
2018,2018058,euro
2018,26,kft
2018,490,pga
2018,2018056,euro
2018,118,kft
2018,2018054,euro
2018,471,pga
2018,122,kft
2018,23,kft
2018,2018052,euro
2018,34,pga
2018,26,pga
2018,25,pga
2018,112,kft
2018,2018048,euro
2018,23,pga
2018,2018046,euro
2018,48,kft
2018,2018044,euro
2018,120,kft
2018,21,pga
2018,19,pga
2018,37,kft
2018,2018042,euro
2018,11,kft
2018,2018040,euro
2018,11,pga
2018,480,pga
2018,2018036,euro
2018,106,kft
2018,41,pga
2018,2018034,euro
2018,127,kft
2018,2018032,euro
2018,12,pga
2018,14,pga
2018,128,kft
2018,20,pga
2018,36,kft
2018,522,pga
2018,9,pga
2018,95,kft
2018,475,pga
2018,2018022,euro
2018,2018021,euro
2018,473,pga
2018,10,pga
2018,2018018,euro
2018,2018016,euro
2018,7,pga
2018,104,kft
2018,5,pga
2018,84,kft
2018,2018012,euro
2018,3,pga
2018,2018010,euro
2018,4,pga
2018,125,kft
2018,2018008,euro
2018,2,pga
2018,124,kft
2018,6,pga
2018,2018004,euro
2018,16,pga
2017,2017098,euro
2017,2017097,euro
2017,2017096,euro
2017,478,pga
2017,2017095,euro
2017,493,pga
2017,2017094,euro
2017,2017092,euro
2017,457,pga
2017,47,pga
2017,2017090,euro
2017,54,pga
2017,489,pga
2017,2017086,euro
2017,521,pga
2017,494,pga
2017,2017084,euro
2017,2017082,euro
2017,464,pga
2017,45,kft
2017,2017080,euro
2017,119,kft
2017,2017078,euro
2017,60,pga
2017,28,pga
2017,2017076,euro
2017,27,kft
2017,2017074,euro
2017,505,pga
2017,94,kft
2017,2017072,euro
2017,27,pga
2017,111,kft
2017,2017070,euro
2017,2017068,euro
2017,13,pga
2017,11,kft
2017,33,pga
2017,22,kft
2017,99,kft
2017,476,pga
2017,2017060,euro
2017,32,pga
2017,100,kft
2017,100,pga
2017,123,kft
2017,518,pga
2017,30,pga
2017,2017056,euro
2017,26,kft
2017,118,kft
2017,490,pga
2017,2017054,euro
2017,120,kft
2017,471,pga
2017,2017052,euro
2017,2017050,euro
2017,34,pga
2017,122,kft
2017,23,kft
2017,26,pga
2017,25,pga
2017,112,kft
2017,2017046,euro
2017,2017044,euro
2017,23,pga
2017,48,kft
2017,21,pga
2017,2017042,euro
2017,37,kft
2017,19,pga
2017,2017040,euro
2017,2017038,euro
2017,11,pga
2017,480,pga
2017,117,kft
2017,95,kft
2017,2017034,euro
2017,106,kft
2017,2017032,euro
2017,41,pga
2017,12,pga
2017,2017030,euro
2017,14,pga
2017,20,pga
2017,36,kft
2017,483,pga
2017,9,pga
2017,475,pga
2017,2017020,euro
2017,2017018,euro
2017,473,pga
2017,2017014,euro
2017,10,pga
2017,7,pga
2017,84,kft
2017,104,kft
2017,2017010,euro
2017,5,pga
2017,2017008,euro
2017,3,pga
2017,2017006,euro
2017,4,pga
2017,125,kft
2017,2,pga
2017,2017004,euro
2017,6,pga
2017,2017002,euro
2017,124,kft
2017,16,pga
2016,100,pga
2016,26,pga
2014,33,pga
2014,26,pga
2004,100,pga
