dg_id,driving_accuracy,driving_distance,sg_approach,sg_around_green,sg_off_the_tee,sg_putting,sg_total,last_updated
18417,0.075,6.342,1.391,0.281,0.909,0.412,2.993,2025-05-26 16:59:02 UTC
19841,-0.006,27.351,0.414,0.233,1.503,0.323,2.474,2025-05-26 16:59:02 UTC
19195,0.032,14.891,0.587,0.377,1.016,0.231,2.211,2025-05-26 16:59:02 UTC
10091,-0.036,21.097,0.65,0.209,0.776,0.378,2.013,2025-05-26 16:59:02 UTC
18079,-0.014,17.134,0.754,0.053,0.735,0.208,1.75,2025-05-26 16:59:02 UTC
14139,-0.025,8.279,0.771,0.4,0.192,0.34,1.703,2025-05-26 16:59:02 UTC
12294,0.066,-0.088,0.729,0.368,0.427,0.151,1.675,2025-05-26 16:59:02 UTC
22085,0.099,-2.131,0.752,0.158,0.501,0.223,1.634,2025-05-26 16:59:02 UTC
17576,0.084,0.057,0.753,0.028,0.652,0.122,1.555,2025-05-26 16:59:02 UTC
19895,-0.027,11.454,0.714,0.169,0.371,0.293,1.548,2025-05-26 16:59:02 UTC
15466,0.007,7.166,0.734,0.095,0.519,0.156,1.504,2025-05-26 16:59:02 UTC
13900,0.052,-0.587,0.754,0.2,0.364,0.05,1.369,2025-05-26 16:59:02 UTC
17606,0.086,0.017,0.637,0.12,0.606,-0.007,1.356,2025-05-26 16:59:02 UTC
14796,0.021,3.597,0.557,0.233,0.336,0.166,1.293,2025-05-26 16:59:02 UTC
13872,0.036,5.499,0.643,0.21,0.493,-0.106,1.24,2025-05-26 16:59:02 UTC
17511,0.075,-3.119,0.77,-0.096,0.339,0.225,1.238,2025-05-26 16:59:02 UTC
13562,-0.005,2.609,0.62,0.33,0.143,0.138,1.23,2025-05-26 16:59:02 UTC
18554,0.123,-9.653,0.643,0.121,0.432,0.014,1.209,2025-05-26 16:59:02 UTC
17536,0.04,3.073,0.603,-0.023,0.477,0.133,1.191,2025-05-26 16:59:02 UTC
24968,0.011,1.172,0.445,0.186,0.238,0.306,1.175,2025-05-26 16:59:02 UTC
23323,0.013,2.831,0.486,0.127,0.356,0.178,1.146,2025-05-26 16:59:02 UTC
17064,-0.014,7.765,-0.015,0.185,0.531,0.424,1.125,2025-05-26 16:59:02 UTC
14609,0.062,-2.556,0.498,0.256,0.259,0.096,1.11,2025-05-26 16:59:02 UTC
18841,0.019,6.909,0.713,-0.157,0.413,0.131,1.1,2025-05-26 16:59:02 UTC
23950,0.004,12.38,0.31,0.039,0.59,0.151,1.09,2025-05-26 16:59:02 UTC
14636,0.017,6.958,0.251,0.192,0.472,0.172,1.087,2025-05-26 16:59:02 UTC
23475,0.006,1.702,0.361,0.308,0.231,0.162,1.062,2025-05-26 16:59:02 UTC
19870,0.027,-4.065,0.186,0.181,0.029,0.664,1.06,2025-05-26 16:59:02 UTC
11676,0.002,7.164,0.503,0.167,0.384,-0.029,1.025,2025-05-26 16:59:02 UTC
14578,0.079,-9.968,0.464,0.275,0.027,0.253,1.019,2025-05-26 16:59:02 UTC
18634,0.007,4.45,0.347,0.129,0.341,0.197,1.015,2025-05-26 16:59:02 UTC
21554,0.053,-5.167,0.31,0.168,0.128,0.379,0.985,2025-05-26 16:59:02 UTC
17780,0.003,11.711,0.408,-0.135,0.647,0.04,0.96,2025-05-26 16:59:02 UTC
17488,0.064,-1.683,-0.119,0.366,0.299,0.397,0.942,2025-05-26 16:59:02 UTC
17365,0.002,10.449,0.394,-0.035,0.539,0.043,0.94,2025-05-26 16:59:02 UTC
14577,0.033,0.638,0.236,0.142,0.269,0.292,0.939,2025-05-26 16:59:02 UTC
10419,0.03,-4.354,0.47,0.202,0.106,0.159,0.936,2025-05-26 16:59:02 UTC
27194,-0.008,1.237,0.08,0.226,0.023,0.596,0.925,2025-05-26 16:59:02 UTC
16841,-0.063,16.251,0.009,0.325,0.29,0.289,0.912,2025-05-26 16:59:02 UTC
19483,-0.012,6.8,-0.149,0.157,0.091,0.811,0.91,2025-05-26 16:59:02 UTC
14735,0.006,5.193,0.235,0.108,0.404,0.152,0.899,2025-05-26 16:59:02 UTC
23841,0.033,3.729,0.468,0.035,0.475,-0.09,0.887,2025-05-26 16:59:02 UTC
17543,-0.001,2.62,0.365,0.2,0.216,0.09,0.872,2025-05-26 16:59:02 UTC
27364,0.014,5.362,0.348,0.198,0.333,-0.018,0.861,2025-05-26 16:59:02 UTC
14838,0.017,-4.302,0.286,0.292,0.009,0.27,0.857,2025-05-26 16:59:02 UTC
20770,0.071,-1.924,0.376,0.021,0.478,-0.019,0.856,2025-05-26 16:59:02 UTC
13412,0.019,2.635,0.361,0.092,0.284,0.099,0.835,2025-05-26 16:59:02 UTC
26096,0.023,-2.833,0.347,-0.042,0.052,0.444,0.801,2025-05-26 16:59:02 UTC
17646,0.009,1.36,0.241,0.179,0.15,0.217,0.787,2025-05-26 16:59:02 UTC
9771,-0.007,0.936,0.127,0.248,0.05,0.344,0.769,2025-05-26 16:59:02 UTC
14502,0.013,-0.417,0.295,0.133,0.163,0.176,0.768,2025-05-26 16:59:02 UTC
28984,-0.048,15.635,-0.007,-0.133,0.57,0.33,0.76,2025-05-26 16:59:02 UTC
18474,0.026,3.913,0.17,0.13,0.36,0.077,0.737,2025-05-26 16:59:02 UTC
18586,0.054,1.957,0.241,-0.11,0.543,0.058,0.732,2025-05-26 16:59:02 UTC
29767,0.019,0.587,0.354,0.121,0.219,0.011,0.705,2025-05-26 16:59:02 UTC
6430,-0.015,6.961,0.166,0.138,0.279,0.09,0.673,2025-05-26 16:59:02 UTC
19428,0.009,5.006,0.516,0.033,0.349,-0.234,0.663,2025-05-26 16:59:02 UTC
20706,-0.011,3.951,0.11,0.406,0.148,-0.002,0.663,2025-05-26 16:59:02 UTC
15556,-0.022,1.356,0.082,0.3,-0.11,0.378,0.651,2025-05-26 16:59:02 UTC
22760,0.009,-2.762,0.271,0.109,0.026,0.24,0.647,2025-05-26 16:59:02 UTC
32330,0.016,9.626,0.23,-0.189,0.602,0.0,0.643,2025-05-26 16:59:02 UTC
23604,-0.045,12.294,0.019,0.244,0.187,0.192,0.642,2025-05-26 16:59:02 UTC
17881,0.004,9.095,0.336,-0.052,0.442,-0.106,0.621,2025-05-26 16:59:02 UTC
21756,-0.015,-0.647,0.353,0.143,-0.157,0.282,0.62,2025-05-26 16:59:02 UTC
23838,-0.055,16.4,0.145,-0.005,0.338,0.137,0.615,2025-05-26 16:59:02 UTC
21891,-0.03,10.923,0.326,0.122,0.337,-0.175,0.609,2025-05-26 16:59:02 UTC
27774,-0.062,16.304,0.064,0.07,0.474,-0.001,0.607,2025-05-26 16:59:02 UTC
21944,-0.024,7.084,0.086,0.229,0.162,0.129,0.606,2025-05-26 16:59:02 UTC
25569,-0.008,4.98,-0.055,0.245,0.093,0.307,0.589,2025-05-26 16:59:02 UTC
11276,0.002,-0.117,0.208,0.108,0.067,0.205,0.587,2025-05-26 16:59:02 UTC
18103,0.033,-9.202,0.124,0.245,-0.211,0.393,0.552,2025-05-26 16:59:02 UTC
8825,0.052,-7.019,0.209,0.105,0.0,0.236,0.55,2025-05-26 16:59:02 UTC
23465,-0.047,7.996,-0.015,0.089,-0.075,0.548,0.547,2025-05-26 16:59:02 UTC
24550,0.046,-0.575,0.504,0.016,0.369,-0.344,0.546,2025-05-26 16:59:02 UTC
25908,-0.052,6.362,-0.043,0.11,0.098,0.357,0.522,2025-05-26 16:59:02 UTC
16394,-0.052,6.641,0.285,0.185,-0.144,0.181,0.507,2025-05-26 16:59:02 UTC
7399,0.079,-9.149,0.481,0.109,0.045,-0.13,0.505,2025-05-26 16:59:02 UTC
14459,-0.059,11.266,0.177,0.161,0.259,-0.093,0.504,2025-05-26 16:59:02 UTC
11889,-0.037,6.779,0.252,0.051,0.218,-0.02,0.501,2025-05-26 16:59:02 UTC
15676,-0.051,20.022,-0.066,-0.21,0.631,0.142,0.497,2025-05-26 16:59:02 UTC
28635,0.046,-5.27,0.114,0.067,0.132,0.183,0.496,2025-05-26 16:59:02 UTC
22322,0.024,8.367,-0.19,0.008,0.632,0.046,0.495,2025-05-26 16:59:02 UTC
14424,-0.075,17.488,0.2,0.04,0.356,-0.114,0.482,2025-05-26 16:59:02 UTC
29433,-0.025,0.318,-0.038,0.092,-0.084,0.501,0.472,2025-05-26 16:59:02 UTC
15856,-0.071,0.725,-0.16,0.48,-0.41,0.556,0.466,2025-05-26 16:59:02 UTC
20722,-0.031,9.299,0.208,-0.167,0.165,0.244,0.45,2025-05-26 16:59:02 UTC
13126,0.047,-7.405,0.343,0.092,-0.01,0.025,0.449,2025-05-26 16:59:02 UTC
26649,-0.017,13.475,0.113,-0.111,0.493,-0.049,0.447,2025-05-26 16:59:02 UTC
16283,-0.021,4.629,-0.09,0.218,0.029,0.271,0.428,2025-05-26 16:59:02 UTC
5689,0.058,2.044,-0.02,-0.003,0.502,-0.052,0.427,2025-05-26 16:59:02 UTC
12965,0.027,1.801,0.084,-0.045,0.23,0.157,0.427,2025-05-26 16:59:02 UTC
23602,-0.059,13.584,0.323,-0.149,0.197,0.055,0.426,2025-05-26 16:59:02 UTC
23504,0.05,4.5,0.284,-0.041,0.561,-0.382,0.423,2025-05-26 16:59:02 UTC
26651,-0.067,12.891,-0.026,0.075,0.181,0.188,0.417,2025-05-26 16:59:02 UTC
16333,0.041,-3.257,0.215,-0.011,0.184,0.028,0.416,2025-05-26 16:59:02 UTC
26653,0.046,0.755,0.268,-0.194,0.408,-0.066,0.416,2025-05-26 16:59:02 UTC
28309,-0.02,10.117,-0.112,-0.079,0.374,0.228,0.412,2025-05-26 16:59:02 UTC
14181,-0.023,5.698,0.0,-0.024,0.193,0.24,0.41,2025-05-26 16:59:02 UTC
26745,-0.025,8.634,0.092,0.012,0.407,-0.101,0.409,2025-05-26 16:59:02 UTC
16243,-0.019,6.749,0.279,-0.014,0.236,-0.12,0.381,2025-05-26 16:59:02 UTC
15310,-0.041,9.678,0.413,-0.236,0.138,0.051,0.367,2025-05-26 16:59:02 UTC
23505,0.058,-3.301,0.27,-0.007,0.293,-0.189,0.367,2025-05-26 16:59:02 UTC
21688,-0.009,3.682,-0.287,0.106,0.171,0.361,0.351,2025-05-26 16:59:02 UTC
23014,-0.035,4.814,0.117,0.138,-0.069,0.163,0.35,2025-05-26 16:59:02 UTC
17550,-0.0,5.43,0.083,-0.031,0.249,0.043,0.344,2025-05-26 16:59:02 UTC
12577,-0.01,10.118,0.241,-0.237,0.275,0.057,0.335,2025-05-26 16:59:02 UTC
26850,-0.025,14.606,-0.268,0.008,0.557,0.034,0.331,2025-05-26 16:59:02 UTC
14013,0.012,-2.011,0.239,0.098,-0.116,0.11,0.33,2025-05-26 16:59:02 UTC
25157,0.046,-1.21,0.35,-0.077,0.193,-0.139,0.327,2025-05-26 16:59:02 UTC
10158,0.068,-4.647,0.305,-0.217,0.357,-0.125,0.32,2025-05-26 16:59:02 UTC
24766,0.021,-0.173,0.159,0.111,-0.048,0.092,0.314,2025-05-26 16:59:02 UTC
14795,0.039,3.695,0.159,-0.149,0.571,-0.27,0.313,2025-05-26 16:59:02 UTC
18580,0.047,-5.15,0.249,0.032,-0.049,0.063,0.296,2025-05-26 16:59:02 UTC
12808,0.048,-3.431,0.322,-0.252,0.167,0.057,0.293,2025-05-26 16:59:02 UTC
12423,0.025,-2.424,0.32,0.039,0.153,-0.222,0.29,2025-05-26 16:59:02 UTC
16715,0.025,-5.855,0.176,-0.067,-0.095,0.271,0.286,2025-05-26 16:59:02 UTC
11657,0.056,-6.848,0.526,-0.137,0.032,-0.138,0.282,2025-05-26 16:59:02 UTC
15575,0.007,-4.628,0.439,0.01,-0.257,0.088,0.28,2025-05-26 16:59:02 UTC
27819,0.005,7.012,0.187,-0.045,0.325,-0.192,0.275,2025-05-26 16:59:02 UTC
19396,-0.068,11.412,0.053,-0.033,0.09,0.161,0.271,2025-05-26 16:59:02 UTC
21646,0.083,-3.898,-0.007,-0.075,0.369,-0.021,0.266,2025-05-26 16:59:02 UTC
22465,-0.037,18.652,-0.16,-0.253,0.697,-0.028,0.256,2025-05-26 16:59:02 UTC
13508,-0.03,11.426,0.211,-0.077,0.383,-0.261,0.256,2025-05-26 16:59:02 UTC
27183,0.001,9.0,-0.08,-0.014,0.362,-0.024,0.244,2025-05-26 16:59:02 UTC
7398,-0.015,-2.778,0.047,0.107,-0.252,0.341,0.243,2025-05-26 16:59:02 UTC
7672,0.062,-8.017,0.149,0.007,0.026,0.035,0.217,2025-05-26 16:59:02 UTC
22833,0.028,-4.122,0.09,-0.183,0.017,0.285,0.209,2025-05-26 16:59:02 UTC
10104,0.03,-2.094,0.1,0.073,0.029,0.004,0.207,2025-05-26 16:59:02 UTC
19729,0.094,-11.215,-0.155,0.062,0.204,0.087,0.198,2025-05-26 16:59:02 UTC
7108,0.044,-0.556,0.231,0.032,0.097,-0.164,0.196,2025-05-26 16:59:02 UTC
21074,0.022,-0.244,0.037,-0.086,0.24,0.005,0.196,2025-05-26 16:59:02 UTC
28469,0.008,-0.053,0.003,0.008,0.028,0.156,0.194,2025-05-26 16:59:02 UTC
18238,0.082,-6.528,0.041,-0.201,0.285,0.07,0.194,2025-05-26 16:59:02 UTC
26657,0.001,6.896,0.269,-0.022,0.276,-0.33,0.193,2025-05-26 16:59:02 UTC
19872,-0.041,5.354,-0.135,0.134,-0.135,0.326,0.189,2025-05-26 16:59:02 UTC
17538,-0.014,3.706,-0.112,0.095,0.027,0.175,0.184,2025-05-26 16:59:02 UTC
17786,-0.043,4.933,0.03,0.179,-0.069,0.038,0.177,2025-05-26 16:59:02 UTC
25601,-0.004,1.421,0.089,-0.009,0.098,-0.001,0.177,2025-05-26 16:59:02 UTC
6093,0.012,-0.217,0.245,-0.027,0.061,-0.111,0.168,2025-05-26 16:59:02 UTC
20730,0.028,0.463,0.081,-0.203,0.204,0.087,0.168,2025-05-26 16:59:02 UTC
28615,-0.006,5.237,-0.081,-0.149,0.265,0.132,0.167,2025-05-26 16:59:02 UTC
13944,-0.041,4.995,0.08,-0.046,0.068,0.063,0.166,2025-05-26 16:59:02 UTC
14704,0.083,-20.756,0.207,0.265,-0.471,0.165,0.165,2025-05-26 16:59:02 UTC
7649,-0.019,-2.052,0.303,0.13,-0.258,-0.02,0.155,2025-05-26 16:59:02 UTC
18770,-0.003,5.906,0.403,-0.2,0.174,-0.234,0.143,2025-05-26 16:59:02 UTC
17723,0.021,-3.955,-0.094,-0.132,0.092,0.259,0.124,2025-05-26 16:59:02 UTC
14698,-0.04,11.999,0.236,0.056,0.301,-0.475,0.119,2025-05-26 16:59:02 UTC
18424,0.003,4.007,0.063,-0.008,0.163,-0.113,0.105,2025-05-26 16:59:02 UTC
13997,0.051,-6.606,0.172,0.112,0.053,-0.235,0.101,2025-05-26 16:59:02 UTC
15470,-0.048,1.651,-0.194,0.392,-0.335,0.233,0.097,2025-05-26 16:59:02 UTC
14509,0.069,-5.326,0.36,-0.117,0.216,-0.38,0.08,2025-05-26 16:59:02 UTC
6169,0.05,-13.445,0.041,0.188,-0.241,0.078,0.065,2025-05-26 16:59:02 UTC
6516,0.063,-12.528,0.332,0.007,-0.21,-0.074,0.055,2025-05-26 16:59:02 UTC
25094,-0.02,6.075,0.0,-0.119,0.267,-0.1,0.048,2025-05-26 16:59:02 UTC
27996,-0.024,0.534,-0.115,-0.045,-0.001,0.194,0.032,2025-05-26 16:59:02 UTC
23482,0.034,-7.331,0.202,0.088,-0.039,-0.231,0.02,2025-05-26 16:59:02 UTC
25003,-0.055,7.725,0.091,0.015,-0.051,-0.036,0.019,2025-05-26 16:59:02 UTC
6892,-0.01,0.474,0.062,0.146,-0.014,-0.177,0.017,2025-05-26 16:59:02 UTC
14655,-0.008,5.765,0.035,-0.057,0.148,-0.117,0.009,2025-05-26 16:59:02 UTC
24304,-0.043,8.783,0.107,-0.128,0.126,-0.105,-0.001,2025-05-26 16:59:02 UTC
23656,0.073,-5.489,-0.045,-0.226,0.203,0.065,-0.003,2025-05-26 16:59:02 UTC
18628,0.068,-21.206,0.19,0.107,-0.538,0.238,-0.004,2025-05-26 16:59:02 UTC
7334,0.015,7.382,-0.427,-0.187,0.437,0.168,-0.009,2025-05-26 16:59:02 UTC
15004,0.004,-0.739,0.184,0.127,-0.17,-0.16,-0.019,2025-05-26 16:59:02 UTC
14987,0.06,-6.518,0.056,-0.065,0.15,-0.165,-0.025,2025-05-26 16:59:02 UTC
17032,-0.047,12.386,-0.047,0.023,0.288,-0.289,-0.025,2025-05-26 16:59:02 UTC
11049,-0.004,-1.007,-0.035,0.296,-0.226,-0.065,-0.029,2025-05-26 16:59:02 UTC
23816,-0.004,-1.915,-0.028,-0.068,-0.284,0.344,-0.036,2025-05-26 16:59:02 UTC
15475,0.042,-6.6,-0.039,0.188,-0.081,-0.104,-0.037,2025-05-26 16:59:02 UTC
13764,0.027,-8.967,0.208,0.044,-0.122,-0.173,-0.043,2025-05-26 16:59:02 UTC
14792,0.019,-0.269,0.086,-0.116,0.149,-0.166,-0.047,2025-05-26 16:59:02 UTC
20727,-0.036,7.983,-0.259,-0.087,0.2,0.09,-0.056,2025-05-26 16:59:02 UTC
16602,0.001,5.972,0.005,-0.033,0.297,-0.33,-0.06,2025-05-26 16:59:02 UTC
24342,-0.048,7.635,-0.189,-0.052,0.061,0.112,-0.067,2025-05-26 16:59:02 UTC
26991,0.05,-3.883,-0.223,-0.04,0.167,0.015,-0.081,2025-05-26 16:59:02 UTC
15229,-0.014,4.219,-0.138,-0.165,0.157,0.064,-0.082,2025-05-26 16:59:02 UTC
16896,-0.005,1.074,-0.386,0.104,0.123,0.072,-0.087,2025-05-26 16:59:02 UTC
18761,-0.056,11.738,-0.178,-0.118,0.201,-0.004,-0.099,2025-05-26 16:59:02 UTC
19840,0.025,-7.628,-0.163,0.006,-0.11,0.167,-0.1,2025-05-26 16:59:02 UTC
23733,0.014,2.372,0.042,-0.093,0.238,-0.294,-0.106,2025-05-26 16:59:02 UTC
27164,0.027,-5.248,-0.049,0.027,-0.173,0.088,-0.107,2025-05-26 16:59:02 UTC
28159,-0.016,-1.967,0.135,0.099,-0.349,0.003,-0.112,2025-05-26 16:59:02 UTC
12422,-0.003,7.17,-0.034,-0.125,0.27,-0.238,-0.128,2025-05-26 16:59:02 UTC
27900,-0.065,24.917,-0.238,-0.409,0.574,-0.057,-0.129,2025-05-26 16:59:02 UTC
19190,0.0,-1.513,-0.19,0.001,-0.063,0.117,-0.135,2025-05-26 16:59:02 UTC
30445,-0.017,11.214,-0.191,-0.113,0.408,-0.253,-0.148,2025-05-26 16:59:02 UTC
11451,0.077,-12.574,-0.257,0.141,-0.127,0.088,-0.155,2025-05-26 16:59:02 UTC
25362,-0.045,6.352,-0.183,0.069,-0.005,-0.036,-0.156,2025-05-26 16:59:02 UTC
12669,0.031,-5.053,-0.042,0.107,-0.039,-0.197,-0.17,2025-05-26 16:59:02 UTC
21362,-0.025,10.892,0.025,-0.48,0.33,-0.046,-0.171,2025-05-26 16:59:02 UTC
24185,-0.016,7.526,-0.084,-0.012,0.373,-0.45,-0.174,2025-05-26 16:59:02 UTC
15651,-0.017,6.476,-0.245,-0.23,0.213,0.08,-0.182,2025-05-26 16:59:02 UTC
11357,-0.15,13.069,0.097,0.116,-0.455,0.058,-0.185,2025-05-26 16:59:02 UTC
6986,0.073,-15.382,-0.179,0.08,-0.26,0.17,-0.189,2025-05-26 16:59:02 UTC
24497,0.002,-0.564,-0.196,0.015,-0.162,0.149,-0.194,2025-05-26 16:59:02 UTC
10201,0.008,1.808,-0.459,0.005,0.188,0.046,-0.22,2025-05-26 16:59:02 UTC
22002,-0.052,5.188,-0.225,-0.049,-0.075,0.121,-0.228,2025-05-26 16:59:02 UTC
19960,0.015,-0.482,-0.19,-0.252,0.085,0.128,-0.228,2025-05-26 16:59:02 UTC
13965,-0.002,-1.353,-0.192,0.093,-0.166,0.027,-0.238,2025-05-26 16:59:02 UTC
14559,0.007,-1.279,-0.284,-0.127,-0.009,0.178,-0.242,2025-05-26 16:59:02 UTC
7960,-0.009,7.686,-0.345,-0.085,0.309,-0.13,-0.251,2025-05-26 16:59:02 UTC
5768,-0.01,1.93,0.122,-0.018,0.043,-0.401,-0.254,2025-05-26 16:59:02 UTC
11460,0.006,-13.143,-0.02,0.255,-0.607,0.116,-0.256,2025-05-26 16:59:02 UTC
14775,0.063,-17.082,-0.057,-0.062,-0.414,0.272,-0.26,2025-05-26 16:59:02 UTC
22087,-0.046,4.616,-0.153,-0.105,0.038,-0.046,-0.266,2025-05-26 16:59:02 UTC
16652,-0.016,-2.896,-0.153,0.023,-0.304,0.162,-0.272,2025-05-26 16:59:02 UTC
21995,-0.04,8.282,-0.259,-0.095,0.042,0.039,-0.273,2025-05-26 16:59:02 UTC
25002,-0.011,-3.514,-0.068,0.024,-0.228,-0.002,-0.274,2025-05-26 16:59:02 UTC
18105,0.004,-0.247,-0.172,-0.157,0.038,0.008,-0.282,2025-05-26 16:59:02 UTC
19865,-0.025,4.992,0.039,-0.219,0.084,-0.189,-0.285,2025-05-26 16:59:02 UTC
20522,-0.028,6.928,-0.089,-0.079,0.189,-0.308,-0.287,2025-05-26 16:59:02 UTC
16395,0.089,-9.708,0.035,-0.186,0.073,-0.211,-0.289,2025-05-26 16:59:02 UTC
14209,-0.014,-0.954,-0.34,0.131,-0.05,-0.033,-0.292,2025-05-26 16:59:02 UTC
11019,0.027,4.829,0.142,-0.15,0.313,-0.599,-0.294,2025-05-26 16:59:02 UTC
12177,0.006,-8.268,-0.016,0.052,-0.326,-0.005,-0.295,2025-05-26 16:59:02 UTC
14007,0.015,-5.59,0.064,-0.159,-0.118,-0.084,-0.297,2025-05-26 16:59:02 UTC
14016,0.004,-1.514,-0.018,0.058,-0.191,-0.157,-0.307,2025-05-26 16:59:02 UTC
22608,-0.018,3.488,-0.327,-0.112,0.064,0.064,-0.312,2025-05-26 16:59:02 UTC
26660,-0.021,8.297,-0.019,-0.221,0.151,-0.227,-0.315,2025-05-26 16:59:02 UTC
12337,-0.004,2.522,-0.188,-0.163,-0.035,0.056,-0.331,2025-05-26 16:59:02 UTC
27780,-0.057,3.239,-0.139,0.045,-0.296,0.044,-0.346,2025-05-26 16:59:02 UTC
30463,-0.049,9.805,-0.194,-0.287,0.048,0.081,-0.352,2025-05-26 16:59:02 UTC
32055,-0.005,4.801,-0.112,-0.15,0.075,-0.17,-0.357,2025-05-26 16:59:02 UTC
23610,-0.006,2.907,-0.001,-0.16,0.058,-0.256,-0.359,2025-05-26 16:59:02 UTC
16433,0.029,-3.131,-0.156,-0.093,-0.008,-0.105,-0.363,2025-05-26 16:59:02 UTC
29770,-0.032,6.184,-0.367,-0.147,0.15,-0.005,-0.369,2025-05-26 16:59:02 UTC
15326,0.039,-7.348,-0.169,-0.079,-0.09,-0.048,-0.386,2025-05-26 16:59:02 UTC
17357,-0.016,-1.003,-0.248,0.11,-0.207,-0.043,-0.387,2025-05-26 16:59:02 UTC
14140,-0.029,5.362,-0.325,-0.228,0.119,0.042,-0.391,2025-05-26 16:59:02 UTC
19421,-0.015,8.188,0.016,-0.233,0.197,-0.376,-0.397,2025-05-26 16:59:02 UTC
9842,0.072,-7.191,-0.131,-0.123,0.154,-0.304,-0.403,2025-05-26 16:59:02 UTC
19866,-0.021,1.903,-0.089,-0.233,-0.103,0.013,-0.412,2025-05-26 16:59:02 UTC
22050,0.004,-2.235,-0.346,-0.082,-0.194,0.208,-0.413,2025-05-26 16:59:02 UTC
20766,0.029,-0.51,-0.195,-0.312,0.24,-0.148,-0.415,2025-05-26 16:59:02 UTC
7033,0.05,-11.722,-0.269,-0.034,-0.079,-0.037,-0.419,2025-05-26 16:59:02 UTC
21236,-0.066,0.49,-0.132,0.072,-0.301,-0.06,-0.422,2025-05-26 16:59:02 UTC
18187,0.053,-5.558,-0.357,-0.095,0.146,-0.121,-0.427,2025-05-26 16:59:02 UTC
17381,0.014,-6.092,-0.227,0.015,-0.242,0.025,-0.428,2025-05-26 16:59:02 UTC
19538,-0.036,13.082,-0.518,-0.221,0.414,-0.103,-0.428,2025-05-26 16:59:02 UTC
10943,0.007,-6.534,0.008,-0.034,-0.266,-0.139,-0.43,2025-05-26 16:59:02 UTC
14975,0.094,-14.377,-0.0,0.081,-0.169,-0.345,-0.433,2025-05-26 16:59:02 UTC
22985,0.02,-1.105,-0.002,-0.167,0.04,-0.307,-0.436,2025-05-26 16:59:02 UTC
12522,0.002,-1.863,-0.231,-0.024,-0.007,-0.193,-0.454,2025-05-26 16:59:02 UTC
12359,-0.037,1.0,-0.016,0.068,-0.27,-0.236,-0.454,2025-05-26 16:59:02 UTC
11952,0.028,-7.422,0.152,0.007,-0.052,-0.572,-0.464,2025-05-26 16:59:02 UTC
16757,-0.04,4.034,-0.202,-0.038,-0.044,-0.186,-0.47,2025-05-26 16:59:02 UTC
13497,0.006,-1.565,-0.269,0.027,-0.064,-0.179,-0.485,2025-05-26 16:59:02 UTC
7452,0.058,-13.399,-0.256,0.163,-0.218,-0.178,-0.488,2025-05-26 16:59:02 UTC
19477,-0.038,3.769,-0.153,-0.136,-0.07,-0.132,-0.49,2025-05-26 16:59:02 UTC
15330,0.016,-2.02,-0.054,-0.236,0.054,-0.267,-0.502,2025-05-26 16:59:02 UTC
5665,-0.02,-1.426,-0.259,0.089,-0.238,-0.097,-0.505,2025-05-26 16:59:02 UTC
25919,-0.053,15.216,-0.321,-0.157,0.233,-0.264,-0.51,2025-05-26 16:59:02 UTC
25363,0.038,0.051,-0.143,-0.317,0.275,-0.337,-0.523,2025-05-26 16:59:02 UTC
14666,0.026,-0.574,-0.302,-0.178,0.099,-0.141,-0.523,2025-05-26 16:59:02 UTC
19898,-0.013,-3.335,-0.098,0.005,-0.277,-0.154,-0.524,2025-05-26 16:59:02 UTC
14196,-0.045,4.893,-0.404,-0.225,-0.068,0.166,-0.531,2025-05-26 16:59:02 UTC
22535,-0.02,10.004,0.016,-0.221,0.232,-0.567,-0.54,2025-05-26 16:59:02 UTC
22259,-0.083,13.602,-0.434,-0.232,0.049,0.077,-0.54,2025-05-26 16:59:02 UTC
18027,0.055,-5.928,-0.445,-0.103,0.027,-0.026,-0.547,2025-05-26 16:59:02 UTC
18524,0.063,-6.155,-0.232,-0.062,0.149,-0.409,-0.554,2025-05-26 16:59:02 UTC
18517,-0.04,0.938,0.115,-0.115,-0.327,-0.229,-0.556,2025-05-26 16:59:02 UTC
12988,-0.019,-6.726,-0.258,-0.04,-0.433,0.174,-0.557,2025-05-26 16:59:02 UTC
20448,0.022,-5.357,-0.211,-0.102,-0.085,-0.161,-0.559,2025-05-26 16:59:02 UTC
25131,-0.044,5.617,-0.444,-0.006,-0.099,-0.013,-0.561,2025-05-26 16:59:02 UTC
23542,-0.028,16.285,-0.528,-0.435,0.455,-0.054,-0.561,2025-05-26 16:59:02 UTC
19948,-0.04,-2.505,-0.338,0.094,-0.447,0.129,-0.562,2025-05-26 16:59:02 UTC
12321,-0.004,-6.243,-0.457,0.015,-0.206,0.08,-0.567,2025-05-26 16:59:02 UTC
13470,-0.009,-4.356,-0.019,0.105,-0.382,-0.279,-0.574,2025-05-26 16:59:02 UTC
26947,-0.019,2.772,-0.039,-0.147,-0.032,-0.373,-0.591,2025-05-26 16:59:02 UTC
12734,0.02,-9.916,-0.382,-0.113,-0.313,0.202,-0.606,2025-05-26 16:59:02 UTC
18635,-0.029,-5.765,-0.243,0.16,-0.578,0.027,-0.634,2025-05-26 16:59:02 UTC
7655,0.057,-9.305,-0.063,-0.187,-0.15,-0.235,-0.635,2025-05-26 16:59:02 UTC
17813,-0.015,-5.078,-0.053,0.048,-0.264,-0.368,-0.637,2025-05-26 16:59:02 UTC
8480,0.016,-6.294,-0.181,-0.05,-0.192,-0.222,-0.646,2025-05-26 16:59:02 UTC
28157,-0.008,1.479,-0.366,-0.072,-0.001,-0.213,-0.653,2025-05-26 16:59:02 UTC
12920,-0.012,-6.117,-0.538,0.104,-0.371,0.136,-0.669,2025-05-26 16:59:02 UTC
27820,0.045,-13.146,-0.05,-0.067,-0.342,-0.21,-0.669,2025-05-26 16:59:02 UTC
17639,0.055,-18.618,-0.163,0.056,-0.442,-0.123,-0.672,2025-05-26 16:59:02 UTC
18722,0.005,-3.046,-0.137,-0.205,-0.073,-0.275,-0.69,2025-05-26 16:59:02 UTC
8605,-0.051,-1.744,-0.208,-0.046,-0.396,-0.039,-0.69,2025-05-26 16:59:02 UTC
9531,0.0,-10.378,-0.02,0.11,-0.448,-0.345,-0.703,2025-05-26 16:59:02 UTC
11397,0.002,-2.293,-0.426,-0.098,-0.139,-0.048,-0.711,2025-05-26 16:59:02 UTC
30428,-0.04,8.408,-0.46,-0.251,0.177,-0.181,-0.715,2025-05-26 16:59:02 UTC
11955,-0.048,4.378,-0.169,0.02,-0.071,-0.504,-0.724,2025-05-26 16:59:02 UTC
7489,0.078,-14.431,-0.047,-0.003,-0.291,-0.39,-0.73,2025-05-26 16:59:02 UTC
16475,-0.047,5.105,-0.413,-0.125,-0.055,-0.151,-0.744,2025-05-26 16:59:02 UTC
18536,-0.055,4.226,-0.295,-0.187,-0.195,-0.069,-0.746,2025-05-26 16:59:02 UTC
9586,0.016,-9.905,-0.376,0.133,-0.477,-0.029,-0.75,2025-05-26 16:59:02 UTC
5994,0.108,-11.692,0.012,-0.169,0.028,-0.621,-0.75,2025-05-26 16:59:02 UTC
13374,0.035,-10.818,-0.331,-0.028,-0.223,-0.169,-0.751,2025-05-26 16:59:02 UTC
13367,0.023,-8.244,-0.17,-0.032,-0.253,-0.296,-0.751,2025-05-26 16:59:02 UTC
27420,-0.008,-4.345,-0.305,0.034,-0.327,-0.158,-0.756,2025-05-26 16:59:02 UTC
23416,-0.015,5.164,-0.676,-0.165,0.132,-0.049,-0.757,2025-05-26 16:59:02 UTC
15191,0.053,-3.122,-0.387,-0.278,0.254,-0.348,-0.76,2025-05-26 16:59:02 UTC
15980,0.011,-11.382,-0.05,0.079,-0.475,-0.315,-0.762,2025-05-26 16:59:02 UTC
11396,0.062,-13.262,-0.271,-0.003,-0.277,-0.227,-0.778,2025-05-26 16:59:02 UTC
14373,0.036,-19.126,-0.359,-0.18,-0.628,0.388,-0.779,2025-05-26 16:59:02 UTC
10873,-0.073,2.5,-0.193,-0.068,-0.426,-0.109,-0.797,2025-05-26 16:59:02 UTC
19635,-0.091,11.555,-0.422,-0.093,0.091,-0.374,-0.798,2025-05-26 16:59:02 UTC
6950,-0.016,-1.178,-0.229,-0.059,-0.1,-0.411,-0.799,2025-05-26 16:59:02 UTC
16563,0.028,-5.742,-0.542,0.029,-0.007,-0.284,-0.804,2025-05-26 16:59:02 UTC
25588,0.013,-3.755,-0.292,-0.144,-0.18,-0.2,-0.816,2025-05-26 16:59:02 UTC
16497,-0.026,5.313,-0.285,-0.208,-0.047,-0.277,-0.817,2025-05-26 16:59:02 UTC
25442,-0.092,-3.342,-0.603,0.176,-0.839,0.449,-0.818,2025-05-26 16:59:02 UTC
15596,-0.018,-5.065,-0.504,-0.042,-0.42,0.142,-0.823,2025-05-26 16:59:02 UTC
24093,-0.047,6.536,-0.554,-0.129,-0.009,-0.137,-0.829,2025-05-26 16:59:02 UTC
13127,-0.039,2.662,-0.581,-0.069,-0.173,-0.006,-0.829,2025-05-26 16:59:02 UTC
5716,-0.014,-2.08,-0.163,-0.025,-0.185,-0.464,-0.838,2025-05-26 16:59:02 UTC
18514,-0.014,-5.789,-0.491,-0.078,-0.387,0.117,-0.839,2025-05-26 16:59:02 UTC
11763,0.013,-10.783,-0.39,0.076,-0.393,-0.132,-0.839,2025-05-26 16:59:02 UTC
18244,-0.025,6.551,-0.509,-0.337,0.28,-0.276,-0.842,2025-05-26 16:59:02 UTC
18174,0.0,-2.415,-0.294,-0.13,-0.128,-0.299,-0.851,2025-05-26 16:59:02 UTC
29279,-0.048,3.082,-0.094,-0.192,-0.229,-0.347,-0.862,2025-05-26 16:59:02 UTC
7548,0.038,-13.459,-0.114,-0.085,-0.38,-0.292,-0.872,2025-05-26 16:59:02 UTC
12317,0.055,-6.637,-0.441,-0.144,0.043,-0.334,-0.876,2025-05-26 16:59:02 UTC
25213,-0.033,-9.05,-0.188,0.115,-0.757,-0.05,-0.88,2025-05-26 16:59:02 UTC
1547,-0.022,-3.524,-0.195,-0.136,-0.239,-0.319,-0.888,2025-05-26 16:59:02 UTC
20353,0.015,-4.121,-0.117,-0.225,-0.092,-0.458,-0.891,2025-05-26 16:59:02 UTC
19224,-0.034,-1.013,-0.756,-0.086,-0.268,0.205,-0.906,2025-05-26 16:59:02 UTC
9133,-0.024,-8.179,-0.287,-0.014,-0.503,-0.107,-0.911,2025-05-26 16:59:02 UTC
13139,-0.064,1.544,-0.523,0.026,-0.388,-0.028,-0.913,2025-05-26 16:59:02 UTC
24127,0.01,-2.445,-0.452,0.005,-0.046,-0.425,-0.918,2025-05-26 16:59:02 UTC
13831,0.001,-13.947,-0.081,-0.01,-0.612,-0.217,-0.92,2025-05-26 16:59:02 UTC
8820,0.058,-18.303,-0.593,0.068,-0.587,0.191,-0.922,2025-05-26 16:59:02 UTC
26008,-0.02,1.314,-0.31,-0.33,-0.003,-0.29,-0.933,2025-05-26 16:59:02 UTC
12909,-0.04,3.224,-0.471,-0.136,-0.16,-0.166,-0.934,2025-05-26 16:59:02 UTC
22089,-0.0,-2.793,-0.208,-0.225,-0.216,-0.288,-0.937,2025-05-26 16:59:02 UTC
29971,0.033,0.563,-0.384,-0.303,0.178,-0.429,-0.938,2025-05-26 16:59:02 UTC
1435,0.02,-13.052,-0.349,0.127,-0.472,-0.256,-0.951,2025-05-26 16:59:02 UTC
14018,0.029,-7.577,-0.511,-0.203,-0.129,-0.11,-0.953,2025-05-26 16:59:02 UTC
15852,0.04,-13.918,-0.22,-0.271,-0.533,0.055,-0.969,2025-05-26 16:59:02 UTC
22231,-0.031,-0.553,-0.413,-0.162,-0.243,-0.158,-0.976,2025-05-26 16:59:02 UTC
7961,0.048,-15.405,-0.119,-0.088,-0.52,-0.254,-0.981,2025-05-26 16:59:02 UTC
23892,0.063,-4.133,-0.541,-0.355,0.246,-0.335,-0.985,2025-05-26 16:59:02 UTC
21412,-0.114,0.668,-0.524,0.079,-0.802,0.239,-1.008,2025-05-26 16:59:02 UTC
19899,-0.038,2.099,-0.513,-0.182,-0.183,-0.13,-1.008,2025-05-26 16:59:02 UTC
12426,-0.008,-0.864,-0.165,-0.239,-0.152,-0.462,-1.018,2025-05-26 16:59:02 UTC
13305,-0.04,-0.316,-0.344,-0.117,-0.311,-0.251,-1.022,2025-05-26 16:59:02 UTC
23540,-0.042,-2.193,-0.575,-0.058,-0.46,0.058,-1.036,2025-05-26 16:59:02 UTC
15680,0.025,-14.944,-0.369,-0.217,-0.567,0.116,-1.038,2025-05-26 16:59:02 UTC
14002,-0.084,1.109,-0.513,0.043,-0.64,0.068,-1.042,2025-05-26 16:59:02 UTC
19738,-0.058,14.464,-0.64,-0.268,0.265,-0.399,-1.042,2025-05-26 16:59:02 UTC
20780,-0.003,-7.054,-0.484,0.013,-0.455,-0.14,-1.066,2025-05-26 16:59:02 UTC
31212,-0.009,-3.582,-0.645,-0.006,-0.312,-0.108,-1.07,2025-05-26 16:59:02 UTC
14967,-0.03,0.013,-0.63,-0.29,-0.3,0.136,-1.085,2025-05-26 16:59:02 UTC
16549,-0.052,-1.302,-0.631,-0.003,-0.585,0.125,-1.094,2025-05-26 16:59:02 UTC
5754,0.069,-16.226,-0.524,-0.147,-0.174,-0.253,-1.098,2025-05-26 16:59:02 UTC
9252,0.06,-9.778,-0.366,-0.182,-0.246,-0.32,-1.114,2025-05-26 16:59:02 UTC
13089,0.024,-7.578,-0.357,-0.107,-0.233,-0.43,-1.127,2025-05-26 16:59:02 UTC
27597,-0.035,1.508,-0.744,-0.123,-0.244,-0.019,-1.13,2025-05-26 16:59:02 UTC
27588,-0.054,8.225,-0.54,-0.346,-0.059,-0.195,-1.139,2025-05-26 16:59:02 UTC
20190,-0.061,1.982,-0.424,-0.147,-0.366,-0.22,-1.157,2025-05-26 16:59:02 UTC
17081,0.021,-8.968,-0.321,-0.414,-0.461,0.022,-1.174,2025-05-26 16:59:02 UTC
12530,-0.024,-2.559,-0.456,-0.22,-0.396,-0.104,-1.177,2025-05-26 16:59:02 UTC
23549,-0.026,1.756,-0.481,-0.312,-0.182,-0.211,-1.184,2025-05-26 16:59:02 UTC
7679,0.072,-24.681,-0.302,-0.115,-0.783,0.009,-1.191,2025-05-26 16:59:02 UTC
14050,0.014,-11.502,-0.405,-0.09,-0.611,-0.098,-1.205,2025-05-26 16:59:02 UTC
9171,-0.054,-12.201,-0.267,0.046,-0.899,-0.088,-1.207,2025-05-26 16:59:02 UTC
14784,-0.031,0.973,-0.622,-0.117,-0.243,-0.23,-1.212,2025-05-26 16:59:02 UTC
17068,-0.057,6.605,-0.615,-0.255,-0.081,-0.27,-1.22,2025-05-26 16:59:02 UTC
19806,-0.012,-5.027,-0.456,-0.233,-0.236,-0.299,-1.224,2025-05-26 16:59:02 UTC
28276,-0.043,6.715,-0.165,-0.521,0.052,-0.594,-1.228,2025-05-26 16:59:02 UTC
25771,-0.063,5.41,-0.622,-0.129,-0.333,-0.151,-1.235,2025-05-26 16:59:02 UTC
7899,0.021,-8.423,-0.379,-0.156,-0.281,-0.421,-1.236,2025-05-26 16:59:02 UTC
17718,-0.026,-0.978,-0.58,0.063,-0.348,-0.374,-1.238,2025-05-26 16:59:02 UTC
15592,0.091,-7.652,-0.538,-0.286,0.145,-0.573,-1.252,2025-05-26 16:59:02 UTC
20519,-0.08,3.29,-0.312,-0.159,-0.429,-0.358,-1.259,2025-05-26 16:59:02 UTC
11374,0.001,-3.904,-0.653,-0.243,-0.26,-0.107,-1.262,2025-05-26 16:59:02 UTC
15113,0.057,-19.71,-0.401,-0.159,-0.664,-0.075,-1.299,2025-05-26 16:59:02 UTC
19208,0.007,-8.303,-0.549,-0.078,-0.482,-0.195,-1.304,2025-05-26 16:59:02 UTC
9675,-0.029,-2.413,-0.584,-0.106,-0.356,-0.26,-1.305,2025-05-26 16:59:02 UTC
26562,0.001,-1.609,-0.806,-0.174,-0.133,-0.214,-1.327,2025-05-26 16:59:02 UTC
14926,-0.087,-2.969,-0.55,0.195,-0.723,-0.253,-1.33,2025-05-26 16:59:02 UTC
19455,-0.074,4.376,-0.531,-0.2,-0.562,-0.08,-1.374,2025-05-26 16:59:02 UTC
25138,-0.046,-0.77,-0.833,0.0,-0.341,-0.207,-1.381,2025-05-26 16:59:02 UTC
28270,-0.131,-2.092,-0.289,0.073,-1.406,0.233,-1.389,2025-05-26 16:59:02 UTC
23236,-0.05,-2.516,-0.694,-0.275,-0.548,0.125,-1.392,2025-05-26 16:59:02 UTC
7955,-0.082,0.037,-0.336,-0.205,-0.613,-0.261,-1.415,2025-05-26 16:59:02 UTC
8117,-0.018,-11.337,-0.183,-0.276,-0.741,-0.216,-1.416,2025-05-26 16:59:02 UTC
6762,0.032,-17.785,-0.595,0.034,-0.838,-0.02,-1.419,2025-05-26 16:59:02 UTC
27598,-0.079,3.848,-0.575,-0.198,-0.383,-0.285,-1.441,2025-05-26 16:59:02 UTC
11328,0.026,-15.051,-0.762,0.028,-0.605,-0.121,-1.46,2025-05-26 16:59:02 UTC
25888,0.035,-12.111,-0.625,-0.287,-0.371,-0.187,-1.47,2025-05-26 16:59:02 UTC
6893,-0.059,3.163,-0.522,-0.188,-0.301,-0.461,-1.471,2025-05-26 16:59:02 UTC
10033,0.037,-25.026,-0.553,-0.117,-0.96,0.147,-1.483,2025-05-26 16:59:02 UTC
26213,-0.051,-2.096,-0.745,-0.075,-0.484,-0.18,-1.483,2025-05-26 16:59:02 UTC
23112,-0.008,-0.902,-0.728,-0.171,-0.162,-0.44,-1.501,2025-05-26 16:59:02 UTC
17266,-0.059,6.474,-0.746,-0.171,-0.231,-0.361,-1.508,2025-05-26 16:59:02 UTC
18579,0.007,-15.105,-0.636,0.028,-0.696,-0.21,-1.514,2025-05-26 16:59:02 UTC
15473,0.007,-14.346,-0.619,0.031,-0.799,-0.128,-1.516,2025-05-26 16:59:02 UTC
16421,-0.027,-2.437,-1.158,-0.138,-0.253,0.026,-1.523,2025-05-26 16:59:02 UTC
4052,-0.02,-7.733,-0.471,-0.073,-0.472,-0.509,-1.525,2025-05-26 16:59:02 UTC
7457,-0.009,-8.435,-0.972,-0.136,-0.414,-0.003,-1.525,2025-05-26 16:59:02 UTC
20084,-0.084,15.959,-1.19,-0.198,-0.04,-0.102,-1.529,2025-05-26 16:59:02 UTC
13530,0.057,-13.174,-0.697,-0.204,-0.252,-0.384,-1.537,2025-05-26 16:59:02 UTC
27870,-0.068,4.283,-0.502,-0.267,-0.479,-0.296,-1.545,2025-05-26 16:59:02 UTC
6149,0.073,-26.927,-0.301,-0.065,-0.835,-0.347,-1.548,2025-05-26 16:59:02 UTC
13821,-0.044,-6.901,-0.466,-0.23,-0.653,-0.249,-1.598,2025-05-26 16:59:02 UTC
4163,-0.017,-19.749,-0.471,0.179,-1.304,-0.004,-1.6,2025-05-26 16:59:02 UTC
6252,-0.049,-16.375,-0.523,0.282,-1.296,-0.082,-1.619,2025-05-26 16:59:02 UTC
14973,-0.01,-5.354,-0.896,-0.218,-0.418,-0.111,-1.644,2025-05-26 16:59:02 UTC
7887,-0.058,2.015,-0.629,-0.265,-0.313,-0.441,-1.647,2025-05-26 16:59:02 UTC
12258,-0.055,-1.319,-0.665,-0.191,-0.516,-0.315,-1.687,2025-05-26 16:59:02 UTC
24052,-0.032,-6.349,-0.577,-0.255,-0.623,-0.248,-1.703,2025-05-26 16:59:02 UTC
12650,-0.005,-12.491,-0.804,-0.231,-0.736,0.041,-1.73,2025-05-26 16:59:02 UTC
20846,-0.008,-7.136,-0.781,-0.237,-0.472,-0.24,-1.73,2025-05-26 16:59:02 UTC
13344,0.004,-8.674,-0.336,-0.278,-0.425,-0.712,-1.751,2025-05-26 16:59:02 UTC
9396,-0.041,4.572,-0.523,-0.481,-0.24,-0.519,-1.762,2025-05-26 16:59:02 UTC
12425,0.017,-20.412,-1.257,0.208,-1.115,0.362,-1.801,2025-05-26 16:59:02 UTC
7293,-0.073,1.064,-0.634,-0.149,-0.597,-0.424,-1.803,2025-05-26 16:59:02 UTC
10886,-0.054,-8.367,-0.781,-0.15,-0.957,0.062,-1.827,2025-05-26 16:59:02 UTC
27554,-0.081,7.782,-0.93,-0.358,-0.303,-0.239,-1.829,2025-05-26 16:59:02 UTC
11826,-0.018,-9.57,-0.446,-0.273,-0.854,-0.264,-1.837,2025-05-26 16:59:02 UTC
20704,0.059,-23.266,-0.475,-0.074,-0.797,-0.515,-1.861,2025-05-26 16:59:02 UTC
23781,-0.06,-1.034,-1.088,-0.19,-0.66,0.045,-1.893,2025-05-26 16:59:02 UTC
8182,-0.026,-4.424,-1.397,-0.038,-0.32,-0.145,-1.901,2025-05-26 16:59:02 UTC
24657,-0.01,-7.129,-0.805,-0.373,-0.551,-0.182,-1.911,2025-05-26 16:59:02 UTC
16409,-0.081,8.706,-0.914,-0.223,-0.304,-0.502,-1.942,2025-05-26 16:59:02 UTC
12819,-0.074,8.701,-0.892,-0.189,-0.258,-0.607,-1.946,2025-05-26 16:59:02 UTC
16897,-0.069,4.395,-0.923,-0.192,-0.635,-0.21,-1.96,2025-05-26 16:59:02 UTC
8045,-0.027,-0.809,-0.935,-0.29,-0.381,-0.371,-1.976,2025-05-26 16:59:02 UTC
10423,-0.075,8.311,-0.839,-0.466,-0.236,-0.453,-1.994,2025-05-26 16:59:02 UTC
13281,-0.011,-12.59,-1.049,0.006,-0.769,-0.192,-2.003,2025-05-26 16:59:02 UTC
16400,-0.019,2.761,-1.054,-0.517,-0.171,-0.266,-2.008,2025-05-26 16:59:02 UTC
7820,-0.004,-6.181,-0.899,-0.179,-0.305,-0.638,-2.02,2025-05-26 16:59:02 UTC
14120,-0.045,-4.789,-0.669,-0.221,-0.806,-0.327,-2.024,2025-05-26 16:59:02 UTC
24660,-0.057,-15.099,-0.3,-0.357,-1.4,0.014,-2.044,2025-05-26 16:59:02 UTC
12318,-0.072,2.206,-1.317,-0.341,-0.41,0.023,-2.045,2025-05-26 16:59:02 UTC
8300,-0.064,-4.777,-1.206,-0.045,-0.792,-0.033,-2.077,2025-05-26 16:59:02 UTC
17508,-0.03,-2.524,-0.897,-0.2,-0.464,-0.529,-2.09,2025-05-26 16:59:02 UTC
16566,-0.053,8.661,-1.117,-0.614,-0.178,-0.267,-2.176,2025-05-26 16:59:02 UTC
15164,-0.045,0.781,-0.792,-0.264,-0.475,-0.646,-2.177,2025-05-26 16:59:02 UTC
7084,-0.014,-10.978,-1.164,-0.236,-0.927,0.14,-2.187,2025-05-26 16:59:02 UTC
16363,-0.047,-15.229,-0.912,-0.023,-1.346,0.091,-2.19,2025-05-26 16:59:02 UTC
13731,-0.052,-0.387,-1.007,-0.3,-0.458,-0.464,-2.229,2025-05-26 16:59:02 UTC
11061,0.056,-20.352,-1.203,-0.122,-0.754,-0.191,-2.271,2025-05-26 16:59:02 UTC
14409,-0.033,-8.572,-1.033,-0.347,-0.776,-0.158,-2.314,2025-05-26 16:59:02 UTC
15016,-0.029,-11.571,-0.931,-0.08,-1.155,-0.17,-2.336,2025-05-26 16:59:02 UTC
12821,-0.121,4.955,-1.078,-0.105,-0.877,-0.335,-2.395,2025-05-26 16:59:02 UTC
23163,-0.036,-1.718,-0.938,-0.455,-0.612,-0.407,-2.412,2025-05-26 16:59:02 UTC
23016,-0.075,0.248,-1.188,-0.122,-0.714,-0.414,-2.438,2025-05-26 16:59:02 UTC
5647,-0.041,-7.352,-1.185,-0.276,-0.744,-0.24,-2.444,2025-05-26 16:59:02 UTC
18241,-0.135,-8.371,-1.038,-0.048,-1.614,-0.029,-2.73,2025-05-26 16:59:02 UTC
11641,-0.11,-6.522,-1.048,-0.183,-1.192,-0.369,-2.791,2025-05-26 16:59:02 UTC
15634,-0.109,-1.815,-1.551,-0.175,-1.266,-0.007,-2.999,2025-05-26 16:59:02 UTC
7881,-0.067,-10.818,-1.365,-0.261,-1.173,-0.322,-3.121,2025-05-26 16:59:02 UTC
14706,-0.098,-3.991,-1.199,-0.628,-1.446,-0.304,-3.577,2025-05-26 16:59:02 UTC
